岗位,命中关键词,地点,发布时间,URL,JD
营销平台及市场部-营销导购产品经理（AI方向）-杭州,"AI, Agent",杭州,2026年06月29日,https://talent.taotian.com/off-campus/position-detail?positionId=100013020009,"职位描述：
1、深入理解电商业务全链路与用户核心需求，以 AI 技术为引擎，设计前瞻性电商解决方案，全面提升用户购物体验与运营效率，推动电商业务向智能化纵深发展。
2、主导淘宝 & 天猫营销 IP、营销会场的产品规划与创意设计，围绕明星营销、事件营销、内容营销等核心业务定位，打造具备强出圈势能与广泛传播力的互动营销玩法。
3、结合营销周期节点，深耕日销与大促场景，持续迭代前台导购形式与用户触达路径；联动上下游及横向产品域，多维度探索业务增量空间。
4、持续关注行业动态与市场营销趋势，跟踪前沿科技发展，充分释放想象力与创造力，积极探索内容营销与 AI 营销的全新范式与可能性。

职位要求：
1、对 AI 技术底层原理有深入理解，持续跟进 AI 新技术迭代动态；至少具备一个 ToC 场景 AI 产品的完整落地经验（工作或个人项目均可），清晰把握技术能力边界，能够结合具体业务场景提出切实可行的解决方案。
2、熟悉主流 AI Agent 架构在策略场景中的应用逻辑，具备独立完成 Agent 搭建的能力；能与算法团队协同定义模型优化路径与评估指标体系。
3、拥有敏锐的用户洞察力与高效的提炼抽象能力，善于完成「用户需求 → AI 方案」的精准转译；对新鲜事物充满好奇心，具备强烈责任心、出色的沟通表达能力与团队协作精神。
4、具备从零搭建产品或核心模块的完整实践经验，动手能力强，能够独立驱动方案设计至落地全过程；有代表性成果或实践项目者优先考虑。"
淘宝平台事业部-AI产品经理-虚拟商品行业,"AI, Agent",杭州,2026年06月29日,https://talent.taotian.com/off-campus/position-detail?positionId=100013600002,"职位描述：
1. 深度参与探索AI Agent在数字生活（虚拟）行业的创新与落地，聚焦核心业务场景，定义并构建具备自主规划与执行能力的下一代智能化工作流；
2. 利用AI技术进行业务方案的快速发散与收敛，开展Prompt工程、RAG架构及Agent工作流设计，通过代码能力快速搭建MVP进行前置可用性与效果评估；
3. 与算法团队紧密协作，深度参与AI模型的效果调优与迭代，从用户与业务双视角定义模型输出的评估标准，持续打磨确保Agent在复杂场景下的稳定性与准确性；
4. 持续进行用户研究与市场行业分析，跟踪AI Agent与电商垂直领域的行业和技术趋势，识别和挖掘在具体业务痛点下的应用机会。

职位要求：
1. 本科及以上学历，计算机、人工智能、电子通信、数学、心理学、统计学等相关专业优先；
2. 希望你发自内心的热爱技术与创新，对AI Agent有极大的热情和信心，对大模型、多模态、对话式交互等有敏锐的感知力，享受通过技术手段解决复杂问题的过程；
3. 对AI有浓厚的兴趣和好奇心，熟悉LLM、Agent、RAG等产品形态，具备提示工程、工作流编排等实战经验，热衷于思考如何将AI能力转化为具体的业务价值；
4. 具备“懂技术”的产品特质：拥有计算机相关背景或扎实的编程基础（如Python/JS），能够理解技术边界，具备独立编写脚本、搭建Demo或进行数据验证的能力，能与研发团队高效同频；
5. 优秀的用户同理心和洞察力，懂数据、善思考，善于发现本质问题，并提出创造性的解决方案，具备从0到1主导AI产品落地的成功经验。"
淘宝平台事业部-AI产品经理-业务风控部,AI,杭州,2026年06月29日,https://talent.taotian.com/off-campus/position-detail?positionId=100007800013,"职位描述：
1. 负责业务风控产品体系中客户侧产品的设计、规划与落地实施；  
2. 结合大模型技术，打造风控体系对客AI解决方案，以提升风控治理效率，兼顾客户体验；  
3. 联动技术、运营等团队，制定跨部门协作流程与治理方案，确保高效执行和运行；  
4. 结合业务目标与用户需求，通过数据驱动、能力迭代持续优化产品策略及链路，提升关键性指标。

职位要求：
1. 本科及以上学历，计算机、人工智能或相关专业；
2. 3年以上互联网产品经验，具备AI产品经验及成功产品案例，熟悉电商、金融科技等风控逻辑优先；
3. 熟悉大模型的技术原理、训练过程及应用场景，对AI技术有较深理解；
4. 能通过数据挖掘与建模分析业务问题，有通过数据优化产品核心指标的实战项目；
5. 对业务结果敏感，能平衡用户体验与风控目标，具备快速学习新技术新能力持续优化方案的韧性；
6. 具备跨团队资源整合与项目管理能力，善于推动技术、运营等多角色协作。"
天猫国际-供应链产品经理-杭州,AI,杭州,2026年06月29日,https://talent.taotian.com/off-campus/position-detail?positionId=100017180001,"职位描述：
1、搭建面向业务应用的国际特色工作台，结合业务场景及AI能力，打造更适配业务运营落地的“大脑”；
2、核心负责国际供应链数据、经营相关的产品能力建设，围绕目标拆解、销售预估、达成策略制定等场景，设计面向内部小二的产品，用数据驱动决策，用指标引导运营，促进业务核心指标的正向达成；
3、协同合作技术团队，推动负责领域的产品方案落地，确保方案在真实业务场景中稳定、可解释、可迭代；
4、建立产品化的核心考核指标体系，用数据验证产品成效，并驱动持续优化。

职位要求：
1、本科及以上学历，3年以上互联网工作经验，有数据AI实践 or 经管产品经验 or 数据产品经理工作经验优先；
2、具备较强的行业理解能力，对电商的商业模式有较深的思考；
3、具备较强的逻辑思维和数据分析、模型抽象能力，熟练掌握统计和分析相关工具，对AI能力有一定见解；
4、对AI市场的发展充满热情，有较强的执行力。"
天猫事业部-AI导购产品经理-杭州,"AI, Agent",杭州,2026年06月29日,https://talent.taotian.com/off-campus/position-detail?positionId=100013280001,"职位描述：
1、负责天猫APP端内的AI导购产品，参与导购Bot的0到1设计，包含Agent框架设计、模型调控、知识库搭建和C端体验等，落地AI导购的流程体验；
2、负责部分AI产品设计，包含商品库、知识库、用户意图推理引擎等，联动生态角色完成导购知识库构建，将非标行业经验（怎么选、怎么避坑）转化为数字资产；
3、探索天猫APP端内图文、卡片、流式交互的组合，设计从“推荐种草”到“下单”的C端体验。

职位要求：
1、 3年以上互联网产品经验，有电商导购、内容社区（小红书/抖音）或搜索推荐策略相关经验者优先；
2、对AI有实操理解或者希望学习，理解LLM边界，会使用常见的AI工具，懂基本的 Prompt Engineering（提示词工程）逻辑；
3、懂用户需求，能敏锐捕捉到“小白怕什么”、“老手挑什么”，并以此为乐，并能结合用户导购场景的痛点，提出解决方案；
4、加分项（有其一即可）：有评测、模型后训练经验，做过 C端对话式产品或Agent 智能体落地项目。"
阿里妈妈-内容广告产品经理-北京/杭州,AI,北京 / 杭州,2026年06月27日,https://talent.taotian.com/off-campus/position-detail?positionId=100021080003,"职位描述：
1、负责内容广告产品的需求分析、功能设计及落地，帮广告主解决做什么视频、怎么做好视频、怎么投好视频的问题，持续优化广告投放效果，达成产品客户规模与营收规模增长目标。
2、基于数据驱动的分析方法，协同技术、运营团队，跨部门推动项目实施。
3、了解电商、短视频、AIGC行业发展趋势，驱动产品创新。

职位要求：
1、计算机、数学、传媒或互联网相关专业本科及以上学历，硕士优先。
2、具备2年以上互联网商业化产品经验，有头部大厂商业化产品经验者优先。
3、熟悉广告系统链路核心逻辑，对内容电商、AIGC等新兴技术及行业趋势有深刻理解和兴趣。
4、具备优秀的数据分析能力，能够通过数据驱动产品策略优化。
5、逻辑清晰，抗压能力强，具备跨团队协作经验与项目落地能力，能够高效推动复杂项目达成业务目标。
6、具备创新思维与自驱力，持续关注用户与商家需求的挖掘与满足。
7、对AI发展保持高度兴趣和关注度，乐于分享和团队协作。"
阿里妈妈-AIGC产品经理-杭州/北京,AI,北京 / 杭州,2026年06月27日,https://talent.taotian.com/off-campus/position-detail?positionId=100021080002,"职位描述：
1、跟踪AIGC行业动态，完成竞品分析及技术趋势研判，制定有先进性、特色、适配电商客户的产品策略‌。
2、主导AIGC工具产品和广告业务赋能策略的设计，协同算法、工程、运营团队推进产品迭代落地。
3、数据和目标驱动，持续优化产品能力、输出稳定性与用户体验‌。

职位要求：
1、本科以上学历，具备2年以上大厂或AIGC明星企业产品经验‌优先。
2、熟悉主流AIGC基础模型原理，了解训练/推理等工作机制‌，以及评测/风控等风险控制机制。
3、熟悉主流广告平台架构和基本原理，具备电商广告客户视角，能精准定义AIGC赋能价值点‌。
4、对AI发展保持高度兴趣和关注度，乐于分享和团队协作。"
阿里妈妈-流量机制产品经理-杭州/北京,AI,北京 / 杭州,2026年06月25日,https://talent.taotian.com/off-campus/position-detail?positionId=100020640004,"职位描述：
1、负责淘内推荐类广告流量机制的产品设计，在平衡用户体验/客户价值/业务目标的前提下，提升平台商业化营收。
2、与淘内多个业务方紧密协同，了解各业务前沿发展动态，敏锐挖掘新增商业化价值。
3、独立完成较为复杂的业务及实验数据分析，以数据驱动、目标导向、强执行力推动策略落地。
4、关注行业变化、竞品动态、用户习惯和商家经营发展变化，探索广告变现创新模式。

职位要求：
1、了解互联网广告，对电商推荐/广告等行业领域熟悉，具备2年以上互联网广告工作经历。
2、具备与用户产品/广告算法/工程/运营等团队顺畅沟通的能力，有成功的与策略机制相关的系统设计和落地工作经验。
3、优秀的数据分析能力和逻辑思维，善于利用数据驱动需求或指导决策。
4、具备高度的责任心和较强的自我驱动力、抗压能力，善于合作，善于协调和调度资源推动业务发展。
5、对AI发展保持高度兴趣和关注度，乐于分享和团队协作。"
淘宝平台事业部-智能产品经理-商家服务,AI,杭州,2026年06月24日,https://talent.taotian.com/off-campus/position-detail?positionId=100010040045,"职位描述：
1. 负责淘天商家AI智能客服产品设计，包括但不限于智能服务、人工服务、智能辅助等，把控需求价值、设计产品框架、推进功能开发、测试及上线的全流程工作，并对产品效果负责；
2. 基于数据、内外部调研和产品思考，站在业务视角深度洞察痛点和需求，诊断问题并给出系统性的解决方案，并落地成产品能力；
3. 构建有效友好的AI机器人，负责产品形态、对话体验、问题解决能力，为用户提供更高效、准确的智能客服服务。
4. 与算法及运营团队紧密协作，共同探索大模型在客服场景中的落地应用，平衡对话效果与业务需求；
5. 建立科学的产品效果评估体系，通过数据监控、用户调研与A/B测试等手段，驱动产品持续迭代与优化。

职位要求：
1.本科及以上学历，计算机、数学、统计学或相关专业优先；
2. 3年及以上产品经理经验，具备独立负责产品全生命周期的能力，包括目标制定、路径规划和优先级管理；有AI产品相关领域工作和大规模AI项目经验优先；
3. 对AI相关工作有热情，关注行业发展趋势，可以详细讲述对于大模型或某个AI产品的理解；有大模型产品策略或AI相关产品经验优先；
4. 能够独立梳理业务流程，具备较强的逻辑思维能力和业务抽象能力，能站在业务视角感知并解决问题，善于将复杂问题拆解并推动执行；
5. 对用户有同理心，能够在决策中平衡用户价值和平台价值；具备良好的数据思维，能够用数据指导判断；
6. 关注细节，抗压性强，出色的沟通和协调能力，能协同相关方高效达成既定目标；目标导向，自我驱动，有较强的好奇心和出色的学习能力。"
智能算法产品事业部-拍立淘产品经理-杭州,AI,杭州,2026年06月24日,https://talent.taotian.com/off-campus/position-detail?positionId=7000046108,"职位描述：
岗位职责： 
1、负责拍立淘主链路产品规划与迭代，聚焦从图片识别 → 用户意图理解 → 召回与排序策略 → 前台的全链路体验；
2、理解图文搜索、视觉识别、多模态AI等前沿技术，探索并推动其在图搜链路中的落地应用； 
3、与算法、视觉、开发等团队紧密协作，共同优化拍立淘图搜的精准性、召回效率与用户体验；
4、关注竞品和行业动态，持续提升拍立淘在图搜领域的体验与市场份额；

职位要求：
1、本科及以上学历，3年以上搜索/推荐/AI产品方向经验，有图搜、视觉、图文匹配相关经验者优先；
2、了解图搜相关技术链路（如图片理解、特征匹配、多模态embedding、意图识别、图文召回等）；
3、有较强的用户洞察能力、数据分析能力与结构化思维，能从用户价值出发设计产品路径；
4、优秀的跨团队沟通协作能力，能与算法、工程、设计等多角色高效配合；
5、有强烈的主人翁意识和创新意识，推动从0到1或1到N的复杂项目落地。"
天猫事业部-手机天猫搜索产品经理-杭州,AI,杭州,2026年06月23日,https://talent.taotian.com/off-campus/position-detail?positionId=100013760008,"职位描述：
1.负责天猫客户端搜索产品工作。能基于手猫目标、供给、用户特性等，制定高效合理的搜索机制，协同运营、算法等相关团队实施落地，不断提升用户体验和效率；
2.结合业务理解、市场洞察及数据分析，挖掘机会点，结合AI模型能力，设计搜索前台导购及策略方案，以消费者视角推动产品策略优化，长效带动搜索用户规模提升；
3.探索搜索与端外渠道，首页、推荐、互动、营销等场域联动的产品机制，建设创新、高效的消费者全链路动线体验，体现手猫特色搜索产品价值；

职位要求：
1.有较高用户在购物场景需求理解力，善于捕捉用户购物过程中的问题，并针对性产出解决方案；
2.熟悉电商体系和电商逻辑；具有较高的执行力和学习力，较强的用户需求捕捉、数据分析和拿结果能力；
3.加分项：有用户侧AI产品相关经验，包含但不限于智能对话助手（Chatbot）、AIGC 内容生成工具、个性化推荐系统、智能搜索增强等。"
M&T事业部-淘工厂-agent产品经理,"AI, Agent",杭州,2026年06月23日,https://talent.taotian.com/off-campus/position-detail?positionId=100017780002,"职位描述：
1、承担电商、消费者智能服务领域的产品设计和规划工作，对消费者服务、智能产品等有自己的理解思考，能基于用户需求，设计科学的需求洞察路径，深度调研企业员工日常工作场景，挖掘效率瓶颈与体验优化点，转化为可落地的AI产品功能；
2、深入业务场景并结合数据来洞察关键问题，通过合理的产品设计来解决消费者诉求，为消费者满意负责；
3、深入理解零售/电商行业用户行为，结合大模型、推荐算法、自然语言处理等技术，打造智能导购对话能力；
4、关注消费者服务行业，关注竞品动向，持续探索智能服务产品创新；
5、对AI领域前沿技术（如LLM、多模态理解、龙虾等）有理解，探索创新应用场景；
6、输出产品文档、原型图、需求说明书，并推动项目高效执行。

职位要求：
1、1年以上互联网产品工作经验，有AI、电商、服务产品经验优先；
2、具备较强的逻辑思维能力和数据分析能力，有业务 Sense，能有自己的独立思考，并主动提出解决方案驱动业务拿到结果；
3、有「客户第一」的服务意识，具备较强的同理心和 Owner 意识，抗压能力强；
4、具备良好的沟通和项目协同能力，能够跨团队进行项目推进和落地。"
搜推智能产品事业部-搜索机制策略产品经理-杭州,AI,杭州,2026年06月22日,https://talent.taotian.com/off-campus/position-detail?positionId=100006520002,"职位描述：
1、负责淘宝搜索供给方向的流量策略机制设计，能够基于手淘行业供给特性和搜索场景，制定合理的策略机制，协同相应团队实施落地，为搜索的成交规模负责；
2、深入理解电商平台搜索策略机制与行业运营思路，并对电商经营有深入认知，能从中汲取商品经营相关的需求和痛点，从策略视角思考搜索机制优化路径，驱动策略优化及创新；
3、基于数据分析与业务洞察，识别业务在搜索策略中的关键机会点，主导跨部门协作（研发、算法、数据、运营等），推动策略方案或者产品功能落地，并建立可衡量的效果评估体系。

职位要求：
1、本科及以上学历，3年以上互联网策略产品经验或搜推广算法经验；有计算机相关专业背景和工作经验者，AI相关经验者优先；
2、具备策略产品机制设计能力，了解底层搜推系统，有敏锐的数据分析视角，善于从复杂业务中抽象出策略影响因素并撰写策略方案；
3、具备出色的跨团队沟通与项目管理能力，能在多角色、高复杂度的协作环境中明确目标、协调资源、把控节奏，确保产品高质量、高效率落地"
平台及用户产品事业部-产品经理-杭州,AI,杭州,2026年06月22日,https://talent.taotian.com/off-campus/position-detail?positionId=100019420007,"职位描述：
1、主导收藏等用户型产品的迭代与突破：负责产品从需求洞察、方案设计、A/B 实验到迭代复盘，通过用户研究和数据分析发现问题，提出改进方案并推动落地。持续为业务找到新的增长点，提升活跃、留存与转化。
2、 AI 能力在 C 端用户产品的落地：与算法团队协同，把 AI 能力（如内容生成、智能导购、推荐）应用到用户产品中，让用户能更快找到想要的商品或内容，解决用户问题并对业务的活跃、转化结果负责。持续跟踪行业前沿，结合用户需求挖掘创新机会。
3、跨团队协作与项目推进：协调算法、工程、设计、运营等团队，组织排期、对齐目标、推动复杂项目按计划交付。

职位要求：
1. 本科及以上学历，计算机、电子商务、心理学、传媒等相关专业，5 年以上 C 端互联网产品经理经验，熟悉电商、内容社区、社交等领域者优先。
2. 懂业务、懂用户：有扎实的用户洞察力与业务 sense，能从真实用户场景反推产品形态，主导过用户型产品 0→1 或 1→10 的关键突破，能为存量功能找到新的生命力。
3. AI 在实战落地经验是核心加分项：具备将 AI 能力转化为用户体验与业务结果的端到端经验，典型场景包括内容生成、智能导购、推荐策略、AI 驱动的用户增长与内容供给等；熟悉 Prompt 设计、模型评测与效果归因等关键环节。无直接落地经验但有扎实认知与强学习意愿者，也欢迎挑战。
4. 扎实的方法论与数据驱动能力：熟练使用原型设计工具与数据分析工具，主导过用户增长、推荐策略、内容链路优化等项目；理解电商交易链路、用户生命周期管理、内容分发逻辑等至少一类完整链路，能基于行为数据拆解问题、制定方案。
5. 在多角色复杂项目中能推动结论落地，认同阿里价值观，能在快节奏环境下持续高质量输出。"
阿里妈妈-商业化产品经理（无线小程序广告）-杭州/北京,"AI, Agent",北京 / 杭州,2026年06月18日,https://talent.taotian.com/off-campus/position-detail?positionId=100017460003,"职位描述：
1、负责无界无线小程序的广告投放产品规划和设计，提供中小商家商业化解决方案，推动智能化投放能力落地；
2、与研发、算法、运营协作完成项目目标，平衡商业目标与用户体验；
3、建立核心产品指标体系，通过评测、用户调研驱动产品迭代；

职位要求：
1、本科及以上，2年以上广告/商业化产品经验；
2、具备完整产品方法论，熟悉主流广告平台产品，有AI 实践能力如 AI Agent 或自动化优化系统产品设计经验者优先；
3、擅长逻辑思维、数据分析和沟通协调，结果导向；
4、乐观有激情，自我驱动，抗压能力强。"
淘天直播电商-频道产品经理-杭州,AI,杭州,2026年06月18日,https://talent.taotian.com/off-campus/position-detail?positionId=100014100008,"职位描述：
1. 用户增长：围绕频道用户规模增长目标，拆解用户来访动机与决策路径；基于动机洞察组织优质供给内容，设计触达策略与来访动线，提升用户来访意愿、访问频次及长期留存；
2. 频道消费体验优化：负责频道内""逛""与""找""两条核心用户路径的产品设计与迭代，创新产品形态，优化内容分发与发现的产品组织形式，帮助用户高效匹配感兴趣的直播内容，提升消费深度与访购转化率；
3. AI导购能力落地：推动AI能力在频道导购场景的应用：通过AI建立用户需求理解与获取机制，优化个性化导购动线；结合用户画像与AI选品能力，落地更精准的内容推荐方案，提升人货匹配效率。

职位要求：
1. 1-3年互联网产品经理经验，具备C端消费产品、直播/短视频、用户增长相关背景者优先；
2. 用户感知力强，能从用户视角拆解需求与场景，输出逻辑清晰、体验流畅的产品方案；
3. 具备数据驱动意识，能独立完成基础数据分析，通过数据定位问题、验证假设、辅助产品决策；
4. 沟通表达清晰，具备良好的跨团队协作能力与项目推进意识，能主动驱动事项闭环；
5. 对直播/内容消费领域有热情，学习能力强，自驱力高，乐于探索新技术与新产品形态。"
淘天直播电商-AI电商产品经理-北京,AI,北京,2026年06月18日,https://talent.taotian.com/off-campus/position-detail?positionId=100015180001,"职位描述：
1. 对AI技术能力边界和发展趋势有良好感知，并能结合电商用户需求挖掘结合AI的探索机会；
2. 高效联动内部团队敏捷落地，进行市场化验证；
3. 沉淀适合独立app的AI创新有效路径；

职位要求：
1. 在AI领域至少有1年经验，熟悉AI长短板和技术原理，动手能力强。有AI成功项目经验加分；
2. 在用户上直觉敏锐，电商用户或有电商经验加分，有一定的产品经验和思考体系；
3. 自驱，灵活性好，学习能力强。"
天猫国际-AI产品经理（营销&数据）-杭州,"AI, Agent",杭州,2026年06月18日,https://talent.taotian.com/off-campus/position-detail?positionId=100012000010,"职位描述：
1. 基于数据洞察和AI能力，建设面向运营或商家的建议、问题诊断等产品化应用，为运营与商家提效，实现共赢；
2. 独立负责AI应用在具体场景下策略落地，包括设计完整业务流、Agent设计调优、工具建设、知识库和模型记忆、模型微调等，为AI应用的效果负责；
3. 探索AI时代，ai产品交付的新形态，包括但不限于Agents/skill/MCP服务，并对现有底层能力进行适配AI时代的迭代和升级

职位要求：
1. 有较强的业务理解能力，能够快速洞察业务场景中的痛点问题并结合AI的最新能力发展，挖掘契合点；
2. 具备基础的AI认知，熟悉大模型原理，了解主流AI 架构在策略场景的应用。可以借助AI工具进行原型设计，并持续积累典型用例，再将典型用例反哺产品设计；
3. 在AI产品设计中，在产品生产中参与模型调用/微调与评估，并且将模型效果、数据质量和反馈有效性纳入产品效果评估。
4. 有1-3年AI产品经验优先，有至少1-2个AI产品深度落地经验；主导过电商或其他B端场景的AI应用项目优先。"
天猫国际-AI产品经理(供给&交易)-杭州,"AI, Agent",杭州,2026年06月18日,https://talent.taotian.com/off-campus/position-detail?positionId=100012860002,"职位描述：
本岗位会深入供给及交易全链路，识别高价值场景并主导 AI 解决方案的落地，可能包括但不限于：
● AI 驱动的商品力重塑，例如：
        利用 AIGC 技术重构商品内容生产流程（如主图素材、视频脚本），大幅降低人力成本，提升素材转化率。
        基于大模型构建智能选品与商机洞察系统，实现供给端资源与前台生意渠道的高效匹配。
● 交易链路的智能化升级，例如：
        重构跨境交易正向与逆向流程，引入 AI Agent 处理复杂的跨境咨询、支付异常，实现跨境支付卡点的“无人化”或“少人化”运营。
        在分销业务中，利用算法实现 C 端推广者与货品的智能撮合，提升分销效率与 GMV 贡献。
● 人机协同新范式探索，例如：
        设计全新的“人+AI""工作流，将传统 PD 和运营从重复劳动中解放出来，专注于策略与创新。
        负责内部 AI 工具链的搭建与推广，定义新的效能评估指标，协助产技投入能直接转化为可量化的业务结果（降本、增效、增收）。
● 前沿技术落地与实践，例如：
        紧密跟踪业界最新的大模型应用趋势，结合天猫国际特有的保税、直邮、大贸等贸易模式，孵化具有行业壁垒的 AI 创新项目。

职位要求：
● 核心能力：
        懂模型：深刻理解 Transformer、RAG、Agent、Fine-tuning 等技术原理及其边界，能与算法团队同频对话，评估技术可行性与投入产出比。
        懂业务：具备敏锐的商业洞察力，能从复杂生意链条中精准挖掘适合 AI 切入的痛点。
        数据驱动：擅长通过数据验证 AI 效果，建立科学的评估体系。
● 特质要求：
        颠覆思维：敢于打破传统作业模式，拥抱不确定性。
        追求效率极致：对“人力堆砌”的模式零容忍，始终思考如何用代码和模型替代人工操作。
        抗压与自驱：适应快速变化的技术环境，能在模糊地带主动开辟路径
●加分项
        计算机、人工智能、数学等相关专业优先。
        有大型 AI 项目从 0 到 1 的完整落地经验（如：参与或主导过企业级 LLM 应用、AIGC 内容生产线、智能决策系统等）。
        有算法工程师转岗产品，或与算法团队深度绑定合作的成功案例者优先。"
1688-AI商家经营产品经理-杭州,"AI, Agent",杭州,2026年06月17日,https://talent.taotian.com/off-campus/position-detail?positionId=100019560002,"职位描述：
打造面向百万级中小商家的 AI驱动型自助经营平台，覆盖 tp诚信通自助新续、数字小店、商家成长与获客等核心场景，最终实现商家成功与平台增长的双赢。

1、深入理解TOB中小企业在开店、获客、转化、留存等阶段的核心痛点，设计并落地 AI Native 的商家增长产品，打造“轻开店 + AI找客 + 智能运营”一体化入口，规模化吸引并沉淀高价值优质供给 入驻1688
2、主导诚信通自助产品的AI化重构，基于大模型构建客户生命周期智能运营体系，包括：商家LTV预测与分层/流失风险预警与智能挽回/个性化权益与增值服务推荐，对自助续签率、优质供给增量、商家活跃度 等核心商业指标直接负责。
3、紧跟 AIGC、Agent、对话式交互等前沿技术趋势，探索其在电商B端场景的创新应用，孵化可持续的 AI商业化新模式；

职位要求：
必备背景：
• 3年以上 B端 / SaaS / AI 产品经验，有电商、产业互联网或中小企业服务背景者优先；
• 至少1–2年深度参与AI产品落地，主导过至少一个完整的“AI赋能业务”项目（如智能推荐、对话Agent、自动化决策等）；
• 对TOB中小企业主的生意逻辑有强烈好奇心与同理心，能从碎片化场景中提炼出可规模化的通用需求；
• 商业敏感度极强：深刻理解营收、转化率、LTV、ROI等指标，并能通过产品设计直接驱动其增长。

个人特质：
• 强自驱 & 强Owner意识：能在目标模糊、路径不清的环境中主动定义问题、拆解路径、拿到结果；
• 跨域协同力：能高效连接算法、工程、运营与商家，成为团队中的关键枢纽
• AI原生思维：不仅把AI当功能，更视其为重构用户体验与商业模式的核心引擎。"
智能算法产品事业部-资深AIGC大模型产品经理-杭州,"AI, Agent",杭州,2026年06月16日,https://talent.taotian.com/off-campus/position-detail?positionId=100011640038,"职位描述：
我们正在打造一款最懂电商的AI Agent智能应用，致力于通过大模型技术高效端到端解决电商商家问题（自动化竞品追踪、营销素材生成、运营数据分析等）。在这里，你将参与定义“什么是好的电商AI”，通过严谨的评测体系，让Agent从“能对话”进化为“能分析、能生成、能服务”。
● 产品战略与规划：负责电商AI Agent产品的整体战略规划与路径图（Roadmap）设计。基于市场洞察、用户研究和商业目标，独立定义产品核心价值与迭代方向。
● 产品方案设计：主导核心应用场景（营销内容生成、运营数据洞察等）的产品方案设计，撰写高质量的产品需求文档（PRD），协同设计和研发团队，确保产品方案兼具用户价值、商业可行性与技术前瞻性。
● 模型能力与效果Owner：构建以业务效果为导向的模型及产品评测体系，定义关键评价指标（Metrics）。深度参与模型技术选型（如RAG、Fine-tuning、Agentic框架设计），持续跟进线上效果，驱动模型迭代与算法优化，为最终的业务结果负责。
● 数据驱动与商业闭环：建立产品数据监控和分析体系，通过数据洞察用户行为和业务瓶颈。探索并实践产品的商业化路径，推动产品功能与业务增长目标的深度绑定，形成商业闭环。
● 前沿探索与创新孵化：深度洞察行业及AIGC技术前沿动态（如Agent、多模态能力），探索大模型在电商全链路的创新应用机会，负责新场景、新模式的概念验证（POC）与孵化，为产品构建长期竞争壁垒。

职位要求：
● 背景要求：2年以上互联网产品经理经验，其中至少1年以上AIGC、AI Agent相关产品经验；本科及以上学历，计算机、人工智能、电子商务等相关专业优先。
● 电商Sense：深刻理解电商行业，对商家运营、平台玩法、用户消费心理有深入洞察，对电商全链路（人、货、场）有体系化认知，有知名电商平台或头部商家服务经验者优先。
● 技术理解力：
    ● 深度理解算法技术原理，熟悉Prompt Engineering、RAG、Fine-tuning、Agentic、openclaw等主流技术方案的优势与局限，能与算法工程师进行深度方案探讨。
    ● 具备优秀的数据分析能力和数据驱动决策的习惯，能够独立完成数据埋点设计、效果分析，并基于数据提出产品优化策略。
● 核心能力：
    ● 具备出色的逻辑思维与结构化思考能力，能从复杂业务场景中抽象出产品核心需求。
    ● 极强的Owner意识，能高效驱动研发、算法、设计、运营等跨职能团队，拿回业务结果。
    ● 优秀的沟通表达，能够清晰地阐述产品战略和价值。
【加分项】
● 有从0到1成功主导并上线AIGC产品或大型功能模块的经验。
● 对电商业务的商业化闭环有深入思考或实践经验。
● 具备Agent、多模态等前沿技术领域的产品经验者优先。
● 有头部大厂或明星创业公司的AIGC产品经验。"
天猫事业部-商家AI数据产品经理-杭州,"AI, Agent",杭州,2026年06月16日,https://talent.taotian.com/off-campus/position-detail?positionId=100010480008,"职位描述：
1、通过对平台策略和商家需求的理解，推动AI Agent在数据分析、人群运营等场景的落地应用，服务千万商家；建设AI 友好型的数据产品，推动智能化转型
2、面向大型品牌、淘宝中小店铺，构建不同产品矩阵（生意参谋/数据银行）的AI数据分析能力，差异化交付不同行业商家的数据分析需求，降低商家决策成本的同时，沉淀通用的分析方法论
3、联接淘宝、天猫、阿里妈妈等核心商业场景，在商品、流量、营销等方向，以数据分析为出发点，通过AI提供智能化解决方案并实现执行闭环，提升商家的经营效率




职位要求：
1、本科及以上学历，3年及以上互联网产品经验，有AI项目落地经验、AI- Native产品构建经历、数据产品经验者优先
2、对AI技术（Agent、RAG、多模态、Workflow）有一定认知，具备一定的代码能力学习能力强
3、 积极主动，有好奇心，善于寻求资源解决问题，善于总结与沉淀；能够快速分解复杂问题，具备逻辑思辨能力和业务抽象能力；抗压能力强
4、对电商行业的商家经营方式和工作流程，有自己的理解和思考"
淘宝平台事业部-AI产品经理-平台物流,"AI, Agent",杭州,2026年06月15日,https://talent.taotian.com/off-campus/position-detail?positionId=100000980008,"职位描述：
1. AI 原生流程重构：基于第一性原理，运用大模型能力重新定义物流业务流程，而非在原有流程上叠加 AI 功能模块。深入物流履约全链路（仓配 / 即时履约 / 异常处置 / 商家物流服务等），识别适合通过大模型能力解决的关键环节，重新设计人机协同工作形态，明确碳基员工与硅基 Agent 的职责边界；
2. Agent 架构设计与工作流编排：负责复杂任务的拆解逻辑（Planning）、记忆机制（Memory）、工具调用（Tool Use）设计，构建 AI Agent 或多 Agent 协作工作流。能与算法工程师就 RAG 检索策略、多轮上下文管理、工具调用顺序等议题进行深度对齐，主导从 MVP 到规模化的方案演进；
3. 评估体系（Evals）建设：建立物流业务专属的 Benchmark 评测集（Golden Dataset），定义模型输出的质量标准。运用盲测、A/B 实验、强模型评弱模型等方法，量化驱动 Prompt 迭代或微调（Fine-tuning）方向，确保产品迭代能够带来可度量的改进，避免引入回归性问题；
4. 数据闭环与反馈回路设计：设计 Feedback Loop，捕捉用户交互中的显性信号（点赞 / 采纳 / 修改）和隐性信号（停留时长 / 路径偏移），将其转化为模型迭代的数据资产，构建可持续优化的产品体系；
5. 商业化与算力平衡：负责模型推理成本（Token 成本）、首字延迟（TTFT）、整体响应时延（Latency）与业务 ROI 的精算与平衡，在生成效果、用户体验、运营成本之间为不同场景找到合适的方案配置，推动 AI 产品在物流场景的提效价值落地；
6. 组织能力沉淀与方法论建设：参与物流部 AI 案例知识库建设，将成功实践沉淀为标准化 SOP、Prompt 模板与可复用的 AI 中间件，推动 AI 工具使用能力从个体能力向组织能力转化。

职位要求：
1. 本科及以上学历，计算机、人工智能、数学、统计学、工业工程、物流管理等相关专业优先；
2. 具备模型直觉：熟悉 LLM 基本原理（注意力机制、上下文窗口、幻觉成因等），能够基于业务需求判断合适的模型方案选型（小模型 vs 大模型 / RAG vs Fine-tuning / Prompt vs Workflow）；
3. 具备 Prompt 架构能力：熟悉 Prompt Engineering，能够编写结构化、具备一定逻辑防御性的提示词，理解 RAG（检索增强生成）的应用场景与边界；
4. 具备技术理解深度：不要求具备编码能力，但需要理解嵌入（Embedding）、向量数据库、Token 成本、TTFT、长短期记忆等概念，能够与算法工程师进行有效沟通；
5. 基础数据能力：熟悉 SQL 或 Python，能够独立完成数据提取、分析与可视化，基于数据评估产品迭代效果。"
平台及用户产品事业部-AI to C产品经理-杭州,AI,杭州,2026年06月15日,https://talent.taotian.com/off-campus/position-detail?positionId=100009460014,"职位描述：
1、深入了解电商业务流程和用户需求，运用 AI 技术提供创新的电商解决方案，提升用户购物体验和效率，推动电商业务的智能化发展；
2、对AI技术充满热情，持续跟踪和研究 AI 领域的新技术和趋势，将有价值的技术应用到电商业务中；
3、负责AI助手产品的设计和快速迭代，联动团队成员负责完整的产品周期设计和实施，并与淘宝内其他产品密切合作，进行跨部门项目组织。

职位要求：
1、本科及以上学历，重点考虑计算机、人工智能等相关专业；具有 2年以上互联网产品经验，其中至少 1 年 AI 领域实践经验；
2、在专业领域，对AI 技术底层原理有深入了解，紧跟AI新技术的迭代；且至少实操过一个toC的AI产品的落地实施（工作/非工作场景皆可），对AI可做/不可做有清晰认知，对用户需求有敏锐的洞察力；
3、具备良好的用户洞察能力，又有较好的提炼抽象能力，做好从用户到AI的转译；对新事物充满好奇心，具有强烈的责任心、优秀的沟通能力和团队合作精神"
1688-资金产品经理-杭州,AI,杭州,2026年06月15日,https://talent.taotian.com/off-campus/position-detail?positionId=100019260008,"职位描述：
1. 主导买卖家资金管理平台的搭建，设计电商账号和支付机构账户之间的完整管理方案，帮助用户看清平台账单、实现三流一致的合规对账，并为买卖家提供增值的资金运营管理能力。
2. 探索AI技术在对账场景的落地应用，推动智能对账、跨平台数据处理、异常模式识别等能力建设，提升B2B对账效率，降低人工干预成本。
3. 探索创新资金渠道接入，参与1688跨境支付解决方案（跨境宝/跨境直采）的规划与设计，打通下游B2C收款和上游B2B采购的资金链路，持续优化B2B采购、支付和对账的整体工作流体验。
4. 负责与资金有关的财税基建工作（涉税报送/ERP开票）等，协同财务与法务团队确保财税合规。

职位要求：
1. 本科及以上学历，3-5年互联网产品经理经验，其中至少2年金融、支付、资金或清结算方向。
2. 熟悉支付领域核心知识（账户体系、资金清结算、对账规则），有独立负责过资金管理系统或对账平台的设计与落地经历。
3. 具备较强的业务抽象能力，能将复杂的资金流转场景转化为清晰的产品方案；数据敏感度高，能通过数据分析驱动产品迭代。
4. 优秀的跨团队沟通与协调能力，能有效推动产品、技术、财务、法务等多方协作；结果导向，适应快节奏环境。
5. 对AI技术有热情，认知AI能力边界，有AI产品在金融场景（如对账、风控、财税）落地经验优先"
1688-AI应用产品经理-产业智联,"AI, Agent",杭州,2026年06月15日,https://talent.taotian.com/off-campus/position-detail?positionId=100018180002,"职位描述：
1. 负责创新型AI Agent产品的体验优化。从真实用户场景出发，进行任务拆解与逻辑编排，设计涵盖需求解构、智能交互、方案生成、报价核算等环节的产品功能体验，打造高可用、强闭环的AI产品。
2. 负责AI应用的效果的迭代。负责构建标准化的效果评估体系，通过定义业务核心指标、构建高价值评测数据集（Benchmark），利用数据驱动的方法论，协同算法团队进行策略演进与模型能力边界的探索，确保产品在复杂业务场景下的稳定性与准确率。
3. 紧密追踪大模型底层演进（如Agentic架构、多模态能力、长文本处理等），探索AI时代的全新产品交互形态。负责从技术可行性分析到产品落地的全过程管理，将前沿AI技术高效转化为解决用户实际痛点的产品价值，推动产品体验的差异化竞争。

职位要求：
1. 3年以上互联网产品经验，具备完整AI落地项目经历（有Agent、AIGC或垂直大模型应用落地经验者优先）；深入理解LLM及主流AIGC技术原理，对大模型、扩散模型等技术路线的能力边界有清晰认知，能判断技术在具体业务场景中的适用性。
2. 能够将业务流程抽象为AI可理解的决策路径。熟悉评估体系建设，具备通过“评估-反馈-优化”闭环推动AI效果进化的方法论。
3. 具备细腻的用户视角，用户导向，能够挖掘用户本质需求。关注产品细节，善于将数据转化为产品策略，具备优秀的商业敏感度，能够平衡技术创新与商业化落地目标。
4. 具备极强的跨部门协作能力（研发、算法、业务方），能够推动复杂项目在不确定性中快速落地。具备好奇心与创新思维，对AI充满热情。"
天猫事业部-汽车行业产品经理-杭州,AI,杭州,2026年06月13日,https://talent.taotian.com/off-campus/position-detail?positionId=100019280002,"职位描述：
1、通过挖掘汽车行业的核心人群，推进建设导购链路，包括对消费者的专业性导购、场景化导购等和对商家端的导购工具升级
2、基于用户行为数据和业务场景，探索基于行业阵地的互动玩法创新，提升用户粘性和活跃度
3、通过数据驱动和AI应用，挖掘汽车用户在关键节点转化的创新机会，通过产品化的解决方案推动指标提升

职位要求：
1、本科及以上学历，2年以上移动互联网产品经验，有汽车领域、AI产品相关经验优先
2、对产品有热情，能够独立完成需求调研、产品设计、需求评审等工作，具备极强的逻辑思维和数据思维，能够结合消费者、商家、平台等多方视角思考问题
3、责任心强、抗压能力强、学习能力强、乐观皮实"
搜推智能产品事业部-AI推荐策略产品经理-杭州,AI,杭州,2026年06月12日,https://talent.taotian.com/off-campus/position-detail?positionId=7000044106,"职位描述：
1、负责手淘信息流策略产品，参与信息流机制策略等的设计与建设，从正向和逆向维度提升信息流用户体验；
2、通过需求与数据分析，深刻理解消费者的供给消费偏好与购买行为，通过策略升级，推动核心用户体验持续提升；
3、制定合理的流量分配机制，引导供给生态良性发展，兼顾用户价值与商业价值，建设匹配供给与需求端更高效的策略解决方案；
4、与运营&算法&研发团队紧密合作，保证机制策略与产品能力高质量落地，严格把控产品体验。

职位要求：
1、有推荐策略产品经验，具备良好的逻辑性和结构化思维，对数据强敏感，计算机、数学专业相关背景优先；
2、抗压能力强，自我驱动，有责任心；
3、团队合作意识强，善于沟通，能够与上下游模块、运营、算法紧密合作。"
天猫事业部-商家AI Agent 产品经理-杭州,"AI, Agent",杭州,2026年06月12日,https://talent.taotian.com/off-campus/position-detail?positionId=100017560001,"职位描述：
岗位概述：
我们正在寻找一位对AI Agent技术与电商业务高度敏感、兼具产品洞察与执行力的同学，加入淘天AI团队，全面参与淘宝天猫商家端AI Agent产品的设计、落地与规模化推进工作。该岗位将聚焦Agent产品在商家经营环节的实际应用，如选品、发布、营销、履约、客服等任务的智能化代理，并以数据指标为牵引，持续打磨产品体验，提升商家经营效率。

核心职责：

1、深入理解商家需求，抽象用户需求，推动AI Agent在淘宝天猫商家端关键场景（选品、投放、营销、客服、物流等）的落地应用
2、设计运营策略，提升商家使用率和留存率，实现AI对SaaS工具的替代；
3、协同研发、算法、运营、测评等团队推动项目落地，并结合平台核心目标制定可衡量的效果指标并持续优化
4、跟踪AI Agent行业最新动态，推动新技术或新产品在电商商家侧的创新方向探索

加分项：

1、有AI产品、对话系统、Workflow、Agent产品设计或运营经验
2、有To B产品背景，服务过中小商家SaaS行业或者头部客户的解决方案
3、熟悉淘宝/天猫商家后台（千牛、商家工作台）
4、有创业精神，善于从0-1推动项目落地

岗位亮点：

1、参与淘宝商家AI基础设施建设
2、深度结合AI技术与真实经营问题
3、多团队协作，全栈式能力提升空间大
4、开放团队氛围，强调目标导向与高效执行

职位要求：
任职要求：

1、3年以上产品/运营经验，有独立负责核心模块的项目经验
2、对AI技术（Agent、RAG、多模态、Workflow）有一定认知，学习能力强
3、熟悉电商商家业务、运营流程及SaaS工具，善于推动复杂项目落地
4、结果导向，抗压能力强，具备结构化思维、逻辑分析和跨团队协作能力"
天猫事业部-C端产品经理（U先试用）-杭州,AI,杭州,2026年06月12日,https://talent.taotian.com/off-campus/position-detail?positionId=100011960002,"职位描述：
业务介绍：
U先试用，通过对试用样品的运营，降低消费者对新品牌/品牌新品进行尝试的决策成本，快速建立消费者与品牌之间的链接。我们迫切希望一位热爱生活，有好奇心的伙伴加入我们，通过AI能力在导购场景的应用，为我们的消费者持续发现更美好的生活方式，大家一起花小钱试新生活！业务体验入口：淘宝搜索“U先试用”
职位描述：
1. 负责用户端产品设计与优化：包括新客承接、试用转化、中样购买、评价反馈等核心流程，持续提升用户体验与转化率；
2. 推动AI能力在导购场景的应用落地：通过AI建立用户需求获取机制，优化用户导购动线。结合用户画像及AI选品功能，建立平台的个性化推荐能力；
3. 基于成分、功效与用户需求，构建AI导购与推荐体系，帮助用户在平台内更高效地找到适合自己的商品，提升试用与购买转化。
4. 基于数据持续迭代产品：跟踪用户行为数据和转化数据，发现问题并推动产品迭代优化。

职位要求：
1. 3年以上互联网产品经理经验，有电商、消费平台或社区产品经验优先；
2. 对用户需求敏感，能够设计简单、清晰且转化效率高的用户体验；
3. AI的学习与应用能力，通过AI能力应用，提升平台导购效率，并驱动产品优化和决策；
4. 具备良好的沟通与项目推进能力，能够协调设计、技术和运营团队推动产品上线。"
淘宝平台事业部-端用户产品经理-端用户产品,AI,杭州,2026年06月11日,https://talent.taotian.com/off-campus/position-detail?positionId=100014540004,"职位描述：
1、负责端框架产品能力提升，以及淘宝共性产品体验问题的优化；
2、结合ai能力、用户洞察、厂商动向，持续探索用户更优质的多终端产品体验；
3、负责淘宝在各应用市场的评分持续优于竞对，分析用户反馈的产品体验问题并完成对应优化。

职位要求：
1、具备出色的需求分析能力和数据敏感度，具备良好的产品化思维方式，能够结合消费者、业务、平台等多方视角思考问题；
2、具备良好的沟通协作和推动能力，责任心强，具有主动性及学习能力强，有较强的抗压能力；
3、有用户产品经验、负责过整个端产品经验者优先；
4、对AI技术有一定的理解和认知，对目前电商发展有创新的想法或建议者优先考虑。"
平台及用户产品事业部-商品详情产品经理-AI/垂类方向,AI,杭州,2026年06月11日,https://talent.taotian.com/off-campus/position-detail?positionId=7000043120,"职位描述：
你将负责淘系商品详情的产品设计与体验升级，聚焦用户在商品了解、选款决策等关键环节，结合垂直场景导购特性，主导设计相关导购产品能力，提升用户体验与转化效率。
包括但不限于：
1、特色商品导购产品设计：对不同品类、人群及营销玩法等垂直场景，理解用户在导购过程中的核心诉求，设计特色化导购产品，提升细分场景下的用户体验与平台效率。
2、AI驱动的导购模式创新：结合大模型技术，探索“千人千面”“千品千策”的内容生成与交互方式，推动详情页从静态图文向动态、对话式、个性化演进，带来体验与转化正向变化。
3、多视角方案设计：具备消费者视角，理解用户痛点，产出可引领前台用户习惯及体验的产品方案；同时具备商家及平台视角，对商家经营模式、平台目标及策略深入洞察，通过前台策略撬动商家供给，发掘问题和业务机会，形成新的产品能力及增量场景。
4、数据驱动与协同落地：建立业务监控与分析体系，从数据中提炼确定性结论，驱动产品迭代；同时协同算法、工程、运营等多方团队，高效推进重点项目落地并达成目标。


职位要求：
1、2年以上互联网C端产品或行业产品经验，有电商交易链路或商品相关背景者优先；
2、对AI大模型在消费场景的应用有浓厚兴趣或实践经验，了解Prompt设计、RAG、AIGC等内容生成技术者优先；
3、具备跨多BU沟通协作能力，有Owner意识和项目推动力，善于整合资源拿到结果；
4、对用户产品、商品及商业生态感兴趣，关注前沿技术与消费趋势，思维开放、有好奇心，相信好产品藏在细节里，并愿意为之打磨。"
M&T事业部-产业带运营-AI工作台产品经理,"AI, Agent",杭州,2026年06月11日,https://talent.taotian.com/off-campus/position-detail?positionId=100018980001,"职位描述：
岗位职责：
• 负责白牌运营小二工作台的AI功能规划与产品设计，深入理解白牌商品运营全链路业务流程，识别运营小二在选品、定价、铺货、营销、客服等环节的痛点，提出AI化解决方案
• 主导AI Agent（智能体）在工作台场景中的应用设计，构建可自主执行、多轮交互的智能运营助手
• 协同算法、工程、UED团队推进产品落地，把控需求评审、原型设计、开发跟进、上线验收全流程，建立AI功能的效果评估体系，持续跟踪运营效率提升、用户满意度等核心指标，驱动产品迭代优化
• 关注AI技术与电商行业前沿动态，挖掘AI在白牌运营场景中的创新应用机会

职位要求：
职位要求：
• 2年以上产品经理工作经验，有B端平台、运营工具、数据中台或AI相关产品经验优先
• 本科及以上学历，对AI技术（大语言模型、RAG、Agent、多模态等）有深入理解和实践经验
• 熟悉电商运营逻辑，对白牌产业带有产品经验者优先"
M&T事业部-猫超交易产品经理-杭州,AI,杭州,2026年06月09日,https://talent.taotian.com/off-campus/position-detail?positionId=100018640027,"职位描述：
1、负责天猫超市交易产品的架构设计、系统规划以及业务落地，助力商业目标达标，提升交易规模；
2、深度挖掘用户需求和痛点，提供优质的购物车、下单、支付、售后、退货退款、换货等交易服务，为用户提供极致的交易效率和交易体验；
3、基于业务各阶段的发展需要及目标，快速形成产品策略，建立清晰的产品落地节奏；
4、参与构建天猫超市交易产品体系，协同行业运营/平台产品/技术团队一起打造天猫超市核心交易产品，持续提升用户满意度。

职位要求：
1、2年以上电商互联网产品经验，有用户/支付/物流/AI相关产品经验者优先；
2、具备优秀的商业视野，具有前瞻性思考能力，逻辑性强；推动“用户为先，AI驱动”策略实现产品场景落地；
3、熟悉电商交易平台体系，对零售商品采购与供应链管理流程有一定了解，熟悉互联网支付流程，能站在业务和产品视角来思考问题；
4、对数据敏感，有独立完整的数据分析经验，能快速发掘业务现状和数据结果之间的联系，善于通过数据分析发现业务问题并给出解决方案；
5、具备高度的责任心和较强的自我驱动力、抗压能力，善于合作，善于协调沟通。"
聚划算&百亿补贴-AI产品经理-用户产品-杭州,"AI, Agent",杭州,2026年06月08日,https://talent.taotian.com/off-campus/position-detail?positionId=100018680019,"职位描述：
1、负责百亿补贴 C 端用户的 AI 产品规划与策略设计，围绕百亿补贴访问用户规模和成交用户规模两大核心目标，构建 AI 驱动的购物体验升级方案；
2、深入理解用户在浏览、搜索、决策、下单等全链路的场景诉求，选用合适的 AI 模型、智能体（Agent）等技术能力，设计可落地的产品方案，直接影响用户规模与转化效率；
3、与算法、工程、运营、行业团队深度合作，理解不同用户群体的行为特征，能根据场景特性进行有效的策略设计和产品落地；
4、跟踪 AI 技术演进（大模型、Agent、多模态等），持续评估新技术在 C 端用户场景中的应用潜力，推动技术到产品价值的转化。

职位要求：
1、3年以上电商/本地生活/互联网C端产品经验，有独立负责核心模块或产品线的完整项目经验，有AI产品、推荐系统、智能体（Agent）相关经验者优先；
2、熟悉AI上下游技术链路，初步了解大语言模型、多模态等核心技术的能力边界与应用场景，能够根据业务需求合理选型和调用AI能力；
3、熟悉电商平台用户运营流程，能从用户视角发现问题，并提出和设计产品解决方案，善于通过数据驱动迭代优化，对DAU、访问用户规模、成交用户规模等指标有深刻理解；
4、抗压性强、自驱力强、善于沟通协调资源，善于利用自己的影响力协同算法、工程、运营等相关协作方，能在复杂的协作中进行业务创新突破；
5、有用户增长、智能导购、AI营销工具等产品经验者优先。"
天猫事业部-运营AI产品经理-杭州,"AI, Agent",杭州,2026年06月08日,https://talent.taotian.com/off-campus/position-detail?positionId=100017480001,"职位描述：
1、独立负责AI Agent在企业内部运营场景下的产品设计和策略落地，包括评测合适的模型，设计完整的Harness工程，效果评测与调优，场景skill集成等，为Agent的最终业务效果负责；
2、支撑内部行业运营人员的日常运营链路全面AI化升级，包括通用的AI运营助理，商家、商品、营销等重点运营领域的skill等建设；
3、基于对行业和用户的深入洞察，结合对大模型能力的理解和边界认知，挖掘AI在行业运营场景的机会点，助力运营提效；
4、与行业运营深度协作，并与各场景方、技术、算法等团队密切合作，快速推进重要项目落地和实现规模化运营；

职位要求：
1、有较强的业务理解能力，能够快速洞察业务场景中的痛点问题并结合AI的最新能力发展，挖掘契合点；
2、有1-3年AI产品经验并能持续保持对AI技术发展，行业领先AI产品的学习，对AI技术优势和边界等有深刻理解；
3、良好的沟通能力和问题分析解决能力，跨团队协作能力和推动能力强，承压能力佳；
4、有非常强的动手能力，可以自己直接上手完成构建Agent、skill，上线产品demo；
5、有电商、ToB、SaaS等相关经验，深度AI产品使用者优先；"
天猫事业部-店铺AI导购产品经理-杭州,AI,杭州,2026年06月08日,https://talent.taotian.com/off-campus/position-detail?positionId=100018700018,"职位描述：
1. 产品规划与设计
- 负责淘宝/天猫商家店铺产品的AI导购功能规划与设计，能深入分析C端用户的消费体验痛点，并给出相应的产品方案，通过AI创新的方式，给商家带来新的生意增长点；
- 设计AI产品功能原型，输出PRD并协调技术团队完成算法模型开发与工程化落地；
2. 技术需求对接
- 与算法团队紧密合作，定义AI模型训练所需的数据需求及评估指标；
- 监控AI产品效果，通过AB测试持续优化算法表现与用户体验；
3.跨部门协同
- 联动运营团队设计商家培训体系，推动AI导购落地应用；
- 与行业研究团队合作，预判电商AI技术趋势并制定技术路线图；

职位要求：
1.3年以上互联网产品经验，1年以上AI/数据产品落地经验；
2.熟悉机器学习基础原理，能精准拆解算法需求，平衡技术可行性与商业价值；
3.有C端产品设计经验优先，熟悉电商行业或对电商导购、商家私域有经验者优先；
4.熟练使用SQL进行基础数据分析，能用Axure等清晰表达产品逻辑；"
M&T事业部-商家端AI产品经理-商家线,AI,杭州,2026年06月08日,https://talent.taotian.com/off-campus/position-detail?positionId=100013320019,"职位描述：
1. 负责商家后台全链路产品设计，以AI驱动重构商家经营体验，让复杂决策变成简单操作，真正兑现半托管服务承诺
2. 利用AI结合品类策略与消费者需求，设计商家从冷启动到规模化的成长路径与权益体系，驱动工厂、组货商等不同类型商家持续活跃
3. 深度研究产业带供给形态，识别供给潜力与结构缺口，通过AI提升选品精准度与供需匹配效率，推动供给规模与质量升级
4. 高效协同品类、运营、算法等上下游团队，将业务策略快速转化为落地产品方案，以业务结果为最终检验标准


职位要求：
1. 计算机、数学、心理学、哲学或相关专业本科及以上学历，硕士优先，具备电商平台经验者加分；
2. 至少1年互联网产品经验；熟悉电商商家运营场景，具备商家端产品（入驻、审核、供应链工具）相关经验者优先；
3. 具备数据敏感度与分析能力，能够通过数据分析驱动产品决策；
4. 熟悉AI技术的应用潜力，能与算法团队协作将技术能力转化为业务价值，具备AI产品落地经验者优先；
5. 出色的跨团队协作能力与项目推动能力，能在快节奏环境中协调技术、业务、运营等多方资源，高效推进复杂项目落地；
6. 逻辑清晰，表达能力强，具备从复杂业务场景中提炼核心问题并设计系统性解决方案的能力。"
淘宝平台事业部-AI产品经理-客服资源方向,AI,杭州,2026年06月03日,https://talent.taotian.com/off-campus/position-detail?positionId=100013180006,"职位描述：
1. 深入理解消费者服务体验流程、人工客服服务链路和客服劳动力资源模式，通过大模型的深度应用升级客服劳动力相关产品，包括：智能质检、智能培训、智能路由调度、潜在风险洞察发现及预警、智能财务结算等产品设计；
2. 结合AI构建各产品领域的核心竞争力，逐步过渡到AI替代，大幅度提高各环节效率，降低运营成本提升人效；
3. 联合技术、算法、运营等协作团队，敏捷迭代推动产品的持续优化，确保产品竞争力。

职位要求：
1. 本科及以上学历，具备3年以上toB互联网产品经验，有客服领域AI产品0到1落地经验 或 客服域风险洞察AI产品背景优先；
2. 对大语言模型技术与应用有浓厚的热情，可以详细讲述对于大模型或某个AI产品基于业务视角和产品设计的理解；
3. 对业务和数据敏感，熟练掌握SQL技能；具备较强的沟通能力，跨团队协同能力及目标导向强，推动产品落地；
4. 有用户视角，具备较强的同理心，能同时结合产品能力制定有效运营机制。"
智能算法产品事业部-运营平台产品经理-杭州,AI,杭州,2026年06月03日,https://talent.taotian.com/off-campus/position-detail?positionId=100011700028,"职位描述：
1、负责淘宝推荐运营平台、AIGC运营平台的产品规划与设计，深入业务场景，梳理运营流程与痛点，搭建平台化的产品工具，并通过持续的产品功能迭代与系统优化，提升团队工作效率。
2、协调研发、测试等多团队资源，把控项目节奏，确保产品按时高质量交付，并持续跟进上线后效果评估与优化。
3、关注行业趋势与竞品动态，探索AI等新技术在运营工具场景中的应用，驱动平台能力升级与创新落地。

职位要求：
1、2年及以上B端或工具类产品经验，有AI提效工具搭建能力优先。
2、能快速理解业务运营逻辑，具备较好的需求分析、产品抽象能力，能独立完成PRD撰写和原型设计。
3、有主人翁意识，具备良好的沟通协调能力、目标拆解能力与执行力。"
营销平台及市场部-中后台AI产品经理-杭州,"AI, Agent",杭州,2026年06月02日,https://talent.taotian.com/off-campus/position-detail?positionId=100013640012,"职位描述：
核心职责：
1）负责营销平台（选品、招商等）中后台系统，推动AI agent在百亿补贴及聚划算关键场景（选品、招商、审核、触达、经营分析等）的落地应用，提升小二运营效率及商家体验；
2）从业务目标出发，抽象业务问题，定义关键指标，具备创新意识，设计从数据收集-分析-Agent搭建与调优-效果验证的完整流程，推动方案设计与策略执行，深入关键环节（数据集管理、模型训练与优化、Prompt设计与Agent构建、效果验证与迭代），对最终业务结果负责；
3）搭建并完善AI产品评估体系（评估标准、评测流程、评测执行与迭代管理），为产品持续优化提供依据；
4）主导搭建业务-产品-研发-算法的产研新形态，持续关注AI技术及行业趋势，将新兴技术与业务场景结合，探索创新应用，并推动落地到业务流程中。

岗位特色：
1、以淘天营销平台大横向视角，建设平台、卖家、自营、用户等多维视角的AI基础设施建设；
2、深度结合AI技术与平台运营、商家经营问题；
3、早期阶段参与，全栈式能力提升空间大，职业发展空间大。

职位要求：
1）3-6年电商/本地生活的中后台产品/运营经验，有独立负责核心模块的项目经验；
2）有AI产品经验，或者对AI技术（Agent、RAG、多模态、Workflow）有强认知，学习能力强；
3）熟悉电商平台运营流程、商家经营思路，善于推动复杂项目；
4）抗压性强，不惧困难，善于进行人际沟通，能在复杂的协作中进行业务创新突破。"
天猫事业部-零售产品经理（优品）-杭州,"AI, Agent",杭州,2026年06月02日,https://talent.taotian.com/off-campus/position-detail?positionId=100018420006,"职位描述：
团队介绍】
天猫优品是阿里巴巴在""家享生活""赛道的核心业务，深度布局下沉市场，通过线上线下一体化的新零售模式，为亿万家庭提供优质的家电、家居服务。在这里，你将面对百亿店铺、千万客资的数字化管理挑战，负责搭建支撑店铺运营的产品底座，构建线上线下一体化的全域零售产品体系。

【职位描述】
1、负责营销产品建设，包括各类2C促销玩法设计、优惠策略及价格风控体系的规划与落地。
2、统筹线上线下会员体系的产品设计与优化，覆盖会员入会、触达、活跃、转化等全生命周期的产品能力建设。
3、推动B2C开放平台的迭代与能力建设，整合无界商业化投放、营销能力输出及数据互联互通等核心功能。
4、AI能力与智能化提效：负责AI Agent在B2C运营场景的落地，围绕店铺运营、商品运营、流量运营提供AI能力，建立店铺托管运营产品体系。

【为什么加入我们】
1. 业务机遇
规模优势：百亿成交店铺
完整链路：从商品运营、多渠道场域运营、流量运营、客资运营、线上线下融合的完整闭环业务链路的产品设计
创新空间：AI Agent应用，提供从0到1的建设机会

2. 成长机会
协同能力：跨组织、多部门的复杂项目协同能力
业务沉淀：深入掌握家电、家装、3C数码的业务全链路设计
AI能力：充分掌握AI的整体架构及在业务各环节的接合点
专业成长：支撑上亿规模的商品、搜索、库存、交易、营销等产品架构

3. 团队氛围
尊重专业、鼓励创新，成长导向而非内耗导向
业务快速发展，产品价值直接可见，成就感强
扁平化沟通，高效决策，快速迭代

职位要求：
专业背景：拥有5年以上互联网或零售行业产品管理经验，熟悉电商平台及零售行业规范，具备交易、营销、会员、私域运营等模块的产品经验。
逻辑思维： 具备极强的逻辑抽象能力，能处理复杂的平台逻辑、具备业务到解决方案的完整设计能力。
业务洞察： 能洞察各电商平台新的业务模式，产出前瞻性的产品规划。
沟通协调： 优秀的跨团队协作与沟通能力，能在复杂利益相关方中找到最优解，具备较强的项目管理能力和抗压能力。
价值观： 具备极强的责任心和自驱力，能适应快速变化的业务环境。"
天猫事业部-渠道产品经理（优品）-杭州,"AI, Agent",杭州,2026年06月02日,https://talent.taotian.com/off-campus/position-detail?positionId=100018320006,"职位描述：
【团队介绍】
天猫优品是阿里巴巴在""家享生活""赛道的核心业务，深度布局下沉市场，通过线上线下一体化的新零售模式，为亿万家庭提供优质的家电、家居、家装及相关服务。在这里，你将面对从总部到省域、从门店到消费者的全链路渠道数字化挑战，参与构建支撑数万家门店高效协同的数字化产品底座，用AI与数据能力驱动渠道管理持续进化。

【职位描述】
作为天猫优品渠道数字化产品团队的核心成员，你将负责以下方向：
1、招商入驻与门店管理： 负责招商入驻流程或门店生命周期管理中的重要模块，准确理解业务需求，形成产品设计方案，通过流程优化提升商家和平台的协作效率。
2、小二工作台： 负责天猫优品小二工作台的核心功能模块设计与迭代，服务一线人员的日常工作场景，通过任务管理、数据看板等能力提升工作效率。
3、协同流程优化： 负责天猫优品协同平台的关键功能设计，覆盖总部-省域-门店的协同场景，通过沟通和协调完整把控产品实现落地过程。
4、AI能力应用： 参与AI Agent在渠道管理场景的应用落地，如招商AI效果图、装修设计AI问答、销售预测等产品模块，配合团队完成产品设计与交付。
5、网格化运营工具： 负责生态小二网格化管理工具的核心功能设计，支持业绩目标管理、门店筛选等能力，帮助一线人员提升目标达成率。

【为什么加入我们】
业务机遇： 千亿交易、万级门店、全国网络——渠道数字化的每一个产品决策都有真实的规模验证。AI+渠道管理的结合方向提供大量创新实践空间。

成长机会： 横跨招商入驻、门店管理、协同平台、AI应用、运营工具多条产品线，复合能力成长速度远超单一方向。P6阶段深耕1-2个方向，快速积累端到端产品能力。

团队氛围： 尊重专业、鼓励创新，成长导向而非内耗导向。TL注重下属能力培养与成长路径规划。

职位要求：
1、专业背景： 本科及以上学历，3年以上互联网产品经理经验。有B端工具/SaaS平台、渠道管理、门店数字化等相关领域经验者优先。
2、产品能力： 具备扎实的需求分析与产品设计能力，能将复杂业务流程抽象为清晰的产品方案，注重细节与用户体验。
3、业务理解： 能快速理解下沉市场零售业务及渠道管理逻辑，善于发现一线场景中的效率痛点，产出务实可落地的解决方案。
4、沟通协调： 优秀的跨团队协作与沟通能力，能在业务方、技术方、一线运营之间高效对齐需求，具备良好的项目推动力。
5、学习意愿： 对AI产品应用有浓厚兴趣，愿意主动学习并探索AI能力在业务场景中的实际价值。
6、价值观： 责任心强、自驱力高，能适应快速变化的业务环境，具备Owner意识。"
淘天集团-AI产品经理-ideaLAB,"AI, Agent",杭州,2026年06月01日,https://talent.taotian.com/off-campus/position-detail?positionId=100018200002,"职位描述：
1、规划ideaLAB产品路线图，连接工程、算法、设计与集团内的真实用户。
2、深入理解集团各 BU 的真实诉求，定义并衡量 ""ideaLAB 是否真的在更多场景下、更深入地帮助到更多业务"" 的核心指标。
3、把模型能力包装成用户真正用得起来的产品，让 AI 能力在日常工作中持续兑现为业务增量。
4、以集团各业务的真实任务作为产品迭代的核心反馈源，持续打磨产品，从业务方与用户中获取信号、提炼共性需求，指导产品迭代。

职位要求：
1、本科及以上学历，丰富的AI产品经理岗位经验，技术背景优先
2、能够使用 vibe coding 写代码，需要能独立完成原型验证。
3、AI 产品的重度用户，深度使用过 Claude code、Cowork、CodeX、Cursor、通义、Coze、百炼 等同类产品，对模型行为有自己的品味与判断。
4、理解 LLM 与 Agent 的基本机制，熟悉 LLM API、Tool Use、Function Calling、MCP、RAG、Agent Loop、Multi-Agent 等概念，并对 Prompt Engineering、Context Engineering、工作流编排、效果评测等贴近应用层的课题有第一手实践。
5、具备 UI/UX 设计素养，能够在 AI 辅助下完成产品原型图设计、UI 设计等相关的产品设计工作。"
营销平台及市场部-营销平台产品经理（AI方向）-杭州,"AI, Agent",杭州,2026年05月28日,https://talent.taotian.com/off-campus/position-detail?positionId=100017580001,"职位描述：
1、负责平台大促或重点营销活动的供给组织能力建设，含平台的增长策略承接/运营提效、商家活动运营牵引与权益组织；
2、独立负责AI能力在营销组织场景下的产品设计与落地，探索可落地的AI化营销创新场景（如活动策略建议、问题诊断、平台联动等），带来关键链路的效率与优质供给跃迁；
3、探索AI时代营销能力交付的新形态，包括但不限于Agents/Skill/MCP服务，推动现有营销能力和流程的AI化升级；
4、与营销业务及上下游团队深度协同，快速推进重点项目落地，在复杂协作中实现业务突破。

职位要求：
1、本科及以上学历，2年以上电商营销中后台产品经验，对平台营销产品体系有一定理解，具备场景抽象和通用能力沉淀意识；
2、具备基础的AI认知，熟悉大模型原理和基本落地方法，有至少1个AI产品或AI应用项目的深度落地经验；能判断AI在业务场景中的适用边界，避免""为AI而AI""；
3、了解主流AI Agent架构及在策略/营销场景的应用，能独立完成Agent搭建或与技术团队协同定义模型优化与评估指标；
4、好奇心强、自驱力强，持续关注前沿AI进展并有深度的自驱实践经历，已将AI工具嵌入核心工作流，能推动团队层面的AI实践落地；
5、具备数据分析与用户洞察能力，目标导向，抗压性强，能在快节奏环境中保持深度思考与业务创新。"
淘宝平台事业部-AI产品经理-内控治理,"AI, Agent",杭州,2026年05月28日,https://talent.taotian.com/off-campus/position-detail?positionId=100013700004,"职位描述：
1. 深入理解淘天业务和内控治理场景，识别AI在内控各类工作场景中的产品机会，推动内控工作模式升级；
2. 负责内控AI产品的方案设计与能力规划，围绕智能评审、智能感知和风险治理等方向，设计核心功能、Workflow、Prompt、规则与交互机制，输出高质量产品方案；
3. 联动算法、工程、数据、运营及业务团队，将LLM、RAG、Agent、多模态等能力转化为可规模化落地的产品能力，推动内控核心技能的Agent化与产品化；
4. 负责内控AI产品在真实场景中的上线、验证与持续优化，建立覆盖产品效果、风险识别、人工接管、反馈训练和场景渗透的评估体系，通过数据分析和用户反馈持续迭代产品；
5. 推动对话训练、记忆沉淀、经验萃取、规则模板、最佳样例等资产建设，逐步形成面向组织级治理能力升级的产品底座。


职位要求：
1. 本科及以上学历，计算机、人工智能、数学、统计、信息管理等相关专业优先；
2. 理解AIGC及大模型应用相关知识，熟悉Prompt Engineering、RAG、Agent、Workflow等常见AI产品范式；
3. 具备较强的抽象能力和复杂问题拆解能力，能够将业务场景、规则逻辑和角色协作关系转化为产品方案；
4. 有较强的数据意识，能够使用SQL、Python或其他分析工具进行效果分析和问题定位；
5. 对风险治理、审计、内控、合规、企业效率工具等场景有兴趣或相关经验者优先；
6. 具备优秀的沟通协同能力和学习能力，对新技术保持敏感，并能从实际业务价值出发推动落地。"
天猫事业部-商家平台AI内容产品经理-杭州,AI,杭州,2026年05月27日,https://talent.taotian.com/off-campus/position-detail?positionId=100017500001,"职位描述：
1、负责AI Native内容生产体系建设：围绕淘内用户消费意图搭建AI Native内容生产链路，包括用户意图识别、内容选题、图文/视频内容生产
2、负责建立AI内容生成质量评估标准，结合评测/标注、前台分发反馈数据与AI算法团队协同提升内容供给质量
3、负责关注场域下 AI内容用户侧表达和互动产品设计，协同相关技术团队和用研团队推进持续提升用户内容消费体验

职位要求：
1、内容背景： 1年以上内容产品或内容运营经验，有电商平台、社交媒体或资讯类产品经验者优先
2、内容审美： 具备优秀的内容taste，能够准确判断内容质量，对图文/视频内容有敏锐的洞察力和鉴赏力
3、AI Builder： 熟悉AIGC内容生产工作流，熟悉模型效果评测和后训练优化基础流程，有搭建AI内容体系的实战项目经验
4、加分项：做过推荐信息流产品，或者有做过生成式推荐（AIGR）项目"
淘宝平台事业部-AI产品经理-阿里资产,"AI, Agent",杭州,2026年05月26日,https://talent.taotian.com/off-campus/position-detail?positionId=100013680001,"职位描述：
1. 场景洞察与价值定义
● 深入业务一线（如区域运营团队、策略中心），识别高价值、可标准化的 AI 落地场景（如资产信息智能化处理、营销自动化）；
● 定义清晰的业务成功指标（如净收入提升、效率倍增、错误率降低），并与业务方达成共识；
2. AI Agent 系统设计与流程再造
● 主导 AI Native 业务流程设计，拆解复杂任务为可被 Agent 执行的子任务，定义人机协同边界；
● 与技术团队共同设计 Agent 的工作流、提示词策略、工具调用逻辑及异常处理机制；
● 构建数据飞轮：设计用户反馈闭环，确保业务使用产生的数据能反哺模型优化；
3. 端到端交付与项目管理
● 在业务专项制下，担任或协同专项 PM，驱动产品、技术、运营接口人高效协作；
● 建立敏捷迭代机制，通过 A/B 测试、灰度发布等方式快速验证效果，基于数据果断调整方向；
4. 技术理解与能力共建
● 保持对前沿 AI 技术（LLM、RAG、Agent 框架、多模态）的敏感度，评估其在资产业务中的适用性；
● 参与技术选型讨论，从产品视角提供关于用户体验、可扩展性、维护成本的输入；
● 沉淀 AI 产品方法论，通过案例分享、内部培训等方式，提升团队整体的 AI 认知和产品能力；
5. 跨部门协同与沟通
● 在矩阵式组织中，有效协调区域运营团队（执行侧）与策略中心/行业专家组（能力侧）的资源与期望；
● 以清晰的书面和口头沟通，向不同背景的利益相关者（业务、技术、管理层）传达产品愿景、进展和权衡。

职位要求：
1. 本科及以上学历，计算机科学、信息管理、数学、统计等相关专业，有技术背景（曾从事开发、数据分析）转做产品的候选人优先；
2. 一年以上AI、数据平台、B 端复杂系统或金融科技领域经验，有成功的 AI 产品从 0 到 1 落地并产生显著业务价值的案例（需提供具体数据和场景描述），能在模糊环境中独立发现问题、定义问题并推动解；
3. 深刻理解 LLM 的能力边界、幻觉问题、成本结构；熟悉 Agent 设计范式、RAG 架构、提示工程基本原理，能熟练运用 SQL 或数据分析工具进行自助式数据探索；能定义清晰的数据指标体系和实验方案；
4. 能与工程师流畅讨论技术可行性、架构取舍、性能瓶颈，理解 API、微服务、云基础设施的基本概念；
5. 擅长梳理复杂业务流，识别痛点和不合理环节，并能设计出兼顾效率与风控的新流程；
6. 适应快节奏、高不确定性的创业氛围，能在资源受限情况下找到突破口，对新技术保持好奇，能快速学习并应用到实际工作中，愿意接受失败，从中快速复盘成长。

【加分项】
1. 有不良资产管理、金融科技、供应链金融等行业背景：
2. 有搭建过 AI 中台、数据中台或大型 B 端 SaaS 平台的经验；
3. 熟悉 Azure、AWS 等云平台及其 AI 服务；
4. 有开源社区贡献或个人 AI 项目作品；
5. 具备基本的 Python 或 SQL 编程能力，能独立完成简单数据验证或原型开发。"
智能算法产品事业部-AI 搜索评测 · 产品经理-杭州,AI,杭州,2026年05月26日,https://talent.taotian.com/off-campus/position-detail?positionId=100017080003,"职位描述：
岗位介绍：
AI 正在重塑搜索的底层逻辑——从意图理解到 AIO 聚合生成，从图文检索到多模态体验。但所有这些变化能不能真正发生、能不能持续迭代，取决于一件事：我们是否有能力把""搜得好不好""变成可量化、可追踪、可驱动决策的评估体系。评测不是搜索的附属环节，而是这一切迭代的地基。这个岗位的核心，是搭建并运营这块地基。

岗位职责：
1、设计 AI 搜索的评测产品体系，覆盖搜索大盘评估、策略迭代评估、RL 训练数据支持三类场景，建设自动化评估能力，让评估本身可规模化。
2、与模型和算法团队深度协作，把""搜索质量""这种模糊的体感问题，拆解为可量化的指标体系与可执行的标注方案。
3、探索多模态场景下的评测方法，针对不同模态的特性设计差异化的评估框架。
4、推动评测结论真正落地——影响策略方向、影响产品决策、影响下一轮模型迭代。

职位要求：
岗位要求：
1、5 年以内工作经验，有过完整的评测体系设计或搜索/推荐产品经验，理解搜索作为产品的核心逻辑与北极星。
2、理解 LLM 的能力边界与失败模式，对 AI 评测的三个关键命题——标注质量保障、自动化评估（含 LLM-as-a-Judge）、人机协同流程——有自己的判断和实践认知。
3、结构化思维强，能把含糊的质量诉求拆成可执行的指标树；具备跨团队协作的推动力，能让算法、标注、产品三方在同一套语言下对齐。

加分项
1、有过AI精标语料撰写和标注经验
2、有过 RLHF / RLAIF 数据流程或评估闭环的设计经验。
3、对多模态模型评估有过实际探索，有数据分析能力，能独立完成评估结果的统计显著性判断与归因分析。"
业务技术-产品经理-交易平台产品（AI）,"AI, Agent",杭州,2026年05月26日,https://talent.taotian.com/off-campus/position-detail?positionId=100009920051,"职位描述：
负责覆盖购物车、下单、支付、逆向全链路的交易平台能力建设与交易业务诉求承接。基于海量交易数据，结合大模型（LLM）、知识图谱等技术，探索订单可解释性，推动交易体验提升与电商导购效率提升。
1.交易平台能力建设与业务承接
● 负责集团交易平台核心能力设计与迭代，涵盖导购、下单、支付、履约等关键链路，保障交易流程稳定性、资金安全与高可用。
● 承接并落地集团内各业务交易诉求与重点项目，确保方案设计合理、交付准确，支撑多业务形态的电商交易业务。
2.交易数据与AI结合探索
● 基于海量交易数据资产，构建订单知识图谱、交易领域本体模型等基础数据能力。结合大模型（LLM）及AI Agent技术，提升交易数据可解释性、并与智能导购、运营提效，用户体验提升等创新场景结合做AI数据服务应用。
3. 趋势洞察与规划
● 持续关注内外部业务变化与技术趋势（如电商业务模式升级， AI Native、数据可观测性，KG- RAG等），推进交易平台能力与AI服务能力的持续迭代，为集团业务提供稳定、高效、智能化的交易支撑。

职位要求：
1、教育背景及经验：本科及以上学历，计算机背景及理工科背景优先。1年以上电商业务经验，有AI项目经验；
2、专业技能：对电商交易流程、资金链路有深刻理解，有技术背景者优先；了解AI产品及流行的AI技术能力；
3、能力要求：擅长逻辑分析与产品架构设计，具备高度自驱力与责任感；善于跨团队协作，能高效推动复杂项目落地；具备良好动手能力，能自行进行AI应用实践；
4、加分项：有知识图谱数据建模（Ontology）、数据检索（RAG）、数据评测，自然语言处理、特征工程经验加分。"
智能算法产品事业部-AI标注/评测产品经理-杭州,"AI, Agent",杭州,2026年05月25日,https://talent.taotian.com/off-campus/position-detail?positionId=100012060008,"职位描述：
1、负责 AI 标注、审核、评测平台的产品规划与能力建设，面向不同业务形态、任务类型和角色，设计通用化的业务接入、作业管理、人员&数据管理能力，提升平台复用性和业务接入效率。
2、基于大模型、Agent、Workflow 等 AI 能力，重构标注、审核、评测生产流程，设计 AI 预标注、智能审核、自动质检、人机协同、结果回流等能力，推动平台从人工密集型作业升级为智能化生产体系，提升生产效率与交付质量。
3、深入理解审核、标注、评测等业务场景和生产链路，结合业务诉求、运营数据和作业效率，持续优化任务流转、质量控制、人员协同和数据闭环机制。
4、善用 AI Coding、低代码/无代码、Workflow 编排等工具进行原型验证、流程搭建和效率工具开发，快速验证产品方案，提升产品交付和业务落地效率。

职位要求：
1、熟悉主流 AI 工具和大模型应用方式，有 Workflow / Agent 搭建经验，能够结合业务场景设计 AI 化解决方案。
2、具备出色的需求分析和业务抽象能力，能够识别用户行为模式，定位需求背后的本质问题，并沉淀为通用化产品能力。
3、责任心强，执行力佳，具备较强的项目推进能力；沟通协作能力佳，具有良正向心态和抗压能力。"
智能算法产品事业部-搜索AI产品经理-杭州,"AI, Agent",杭州,2026年05月22日,https://talent.taotian.com/off-campus/position-detail?positionId=7000046614,"职位描述：
1、负责淘宝AI产品（多模态agent方向）的设计和落地实施，结合大模型与电商场景用户需求，打造业内领先的AI解决方案，赋能业务增长；
2、主导产品项目的实施，与各团队紧密协作，协调资源，确保产品从研发到交付的高效执行；
3、深入理解市场趋势、竞争动态及技术前沿，识别潜在的产品创新点，推动产品创新和差异化策略，确保产品在市场中的竞争力

职位要求：
1、本科及以上学历，计算机、人工智能、软件工程等相关专业优先；
2、3年以上互联网产品经验，具备AI产品经验及成功产品案例；
3、熟悉大模型的技术原理、训练过程及应用场景，对AI技术有较深理解；
4、对AI技术及用户产品充满热情，具有敏锐的市场洞察力和技术创新精神；
5、执行力强，能在复杂环境中解决问题并推动项目快速落地。"
智能算法产品事业部-AI产品经理-杭州,AI,杭州,2026年05月20日,https://talent.taotian.com/off-campus/position-detail?positionId=100010080005,"职位描述：
1、围绕淘宝推荐业务让用户逛起来的目标，通过AI生成的能力，创造优质素材、搭配关系、导购理由等，提高用户种草转化率，帮助核心商家和优质商品在推荐场域或许更优质的流量。
2、重点围绕服饰大行业，包括猜你喜欢和穿搭独立频道在内的场域内，通过AI能力做好服饰的导购。
3、负责AI生成全链路，与算法团队和运营团队紧密合作，负责包括模型选择和调校、高效工作流搭建、产出质量判定等环节的产品工作，为优质和规模化的素材产出、提升商品售卖效果直接负责。

职位要求：
1. 本科及以上学历，计算机、信息管理、统计学等相关专业优先。
2. 喜欢专研前沿技术，对AI与AIGC算法有深度了解与丰富经验； 有AI助手、Bot、AI插件、GPTs训练等AI产品经验优先。
3.喜欢逛电商，对图片视频有不错的审美能力，生活上服饰穿搭有较高审美者。
4.从事过电商或者服饰行业的图片&视频生成工作优先。"
天猫事业部-商家AI产品经理-杭州,"AI, Agent",杭州,2026年05月19日,https://talent.taotian.com/off-campus/position-detail?positionId=100013260018,"职位描述：
岗位概述：
我们正在寻找一位对AI Agent技术与电商业务高度敏感、兼具产品洞察与执行力的同学，加入淘天AI团队，全面参与淘宝天猫商家端AI Agent产品的设计、落地与规模化推进工作。该岗位将聚焦Agent产品在商家经营环节的实际应用，如选品、发布、营销、履约、客服等任务的智能化代理，并以数据指标为牵引，持续打磨产品体验，提升商家经营效率。

核心职责：

1、深入理解商家需求，抽象用户需求，推动AI Agent在淘宝天猫商家端关键场景（选品、投放、营销、客服、物流等）的落地应用
2、设计运营策略，提升商家使用率和留存率，实现AI对SaaS工具的替代；
3、协同研发、算法、运营、测评等团队推动项目落地，并结合平台核心目标制定可衡量的效果指标并持续优化
4、跟踪AI Agent行业最新动态，推动新技术或新产品在电商商家侧的创新方向探索

加分项：

1、有AI产品、对话系统、Workflow、Agent产品设计或运营经验
2、有To B产品背景，服务过中小商家SaaS行业或者头部客户的解决方案
3、熟悉淘宝/天猫商家后台（千牛、商家工作台）
4、有创业精神，善于从0-1推动项目落地

岗位亮点：

1、参与淘宝商家AI基础设施建设
2、深度结合AI技术与真实经营问题
3、多团队协作，全栈式能力提升空间大
4、开放团队氛围，强调目标导向与高效执行

职位要求：
任职要求：

1、3年以上产品/运营经验，有独立负责核心模块的项目经验
2、对AI技术（Agent、RAG、多模态、Workflow）有一定认知，学习能力强
3、熟悉电商商家业务、运营流程及SaaS工具，善于推动复杂项目落地
4、结果导向，抗压能力强，具备结构化思维、逻辑分析和跨团队协作能力"
商家营销产品-高级产品经理-营销产品,"AI, Agent",杭州,2026年05月19日,https://talent.taotian.com/off-campus/position-detail?positionId=100012980014,"职位描述：
1、负责商家营销产品的规划与设计，结合淘天集团平台、商家及行业的特性，通过产品创新设计赋能商家实现高效经营；
2、了解大模型和AI技术应用，面向商家构建“营销助手”数字员工AI Agent和营销原子Skills，通过对商家营销智能化升级带来商家经营效率的提升；
3、熟悉各商家营销工具和平台营销活动，并能够基于不同场景下的行业和商家经营特点，设计差异化的商家营销策略和解决方案，提升商家营销效果；
4、深度挖掘商家痛点，结合行业需求持续降低和简化商家营销成本和复杂度，提升商家体验。

职位要求：
1、3年及以上电商产品经验，熟悉各电商平台营销优惠玩法和规则，或有商家营销产品相关经验者优先；
2、对AI有浓厚兴趣，且有较深度的学习研究，如有AI相关应用产品经验者优先；
3、工作中能够灵活使用AI工具，对数据较为敏感且能灵活运用，能通过数据分析&挖掘找到问题和机会点；
4、有好奇心和较强的自驱力，能以结果为导向，协同上下游，独立推动产品的落地和持续迭代拿结果。"
淘天营销平台-商业化产品经理（AI）-杭州,"AI, Agent",杭州,2026年05月12日,https://talent.taotian.com/off-campus/position-detail?positionId=100014380006,"职位描述：
职位描述：
1、负责百亿补贴营销招商的商业化产品的产品模式及策略设计，包括渠道推广能力、价格营销工具、智能广告策略、商业化策略等；
2、了解商家在淘系经营诉求，基于平台激励设计对赌、博弈等机制，撬动商家持续商业化投入；
3、洞察在运营、营销、服务等场景的 AI 需求，打造“生意 Agent + 智能决策”的商业化产品方案；
4、与行业合作，理解不同行业商家的经营方式，能根据行业特性及目标进行有效的策略设计和产品落地。

岗位特色：
1、以淘天营销平台大横向视角，建设平台、卖家、自营、用户等多维视角的AI基础设施建设；
2、深度结合AI技术与平台运营、商家经营问题；
3、早期阶段参与，全栈式能力提升空间大，职业发展空间大。

职位要求：
1）3-6年电商/本地生活的中后台产品/运营经验，有独立负责核心模块的项目经验，有商业化、商家运营、AI Agent的经验优先；
2）熟悉电商平台运营流程、商家经营思路，能从业务视角发现问题，并提出和设计产品解决方案，善于推动复杂项目；
3）抗压性强、自驱力强、善于沟通、协调资源能力强，善于利用自己的影响力协同相关协作方，能在复杂的协作中进行业务创新突破；"
营销平台及市场部-AI产品经理-杭州,"AI, Agent",杭州,2026年05月08日,https://talent.taotian.com/off-campus/position-detail?positionId=100014060010,"职位描述：
1. 基于会员业务方向，推动AI Agent在用户和营销关键场景的落地应用；
2. 基于业务目标，抽象用户需求和业务机会点，设计并推动AI产品落地与策略执行，并深入关键环节（Prompt设计与Agent构建、模型训练与优化、效果验证与迭代），对最终业务结果负责；
3. 建立常态化的效果监控与迭代闭环，在保障线上0风险的基础上，用科学的数据体系持续指导产品迭代、放大结果；
4. 能够与研发团队紧密协作，在确保产品体验优越性的同时，推动 AI 能力的标准化、模块化与产品化交付，提升整体研发效能。

职位要求：
1. 5年以上产品经验，有会员、营销相关经验优先；
2. 有AI产品经验，或对AI技术（RAG、Prompt、Workflow、Agent）有较强认知，有实践经验或作品；
3. 结果导向，抗压能力强，有较强的逻辑性和跨团队协作能力；
4. 具有创新意识以及自驱力、能够不断学习并学以致用，并关注用户体验与用户价值。"
淘宝平台事业部-AI产品经理-场景金融,"AI, Agent",杭州,2026年04月27日,https://talent.taotian.com/off-campus/position-detail?positionId=100013600005,"职位描述：
1. AI重构商业闭环：主导现有电商金融产品的智能化升级，或从0到1设计基于大模型的创新产品（涵盖交易保障、智能保险、风控决策等核心领域），打造行业标杆案例；
2. 智能获客与交互创新：规划并设计下一代AI获客体系，利用多模态大模型技术优化语音交互与社交裂变能力，显著提升转化率与用户体验；
3. 企业级Agent效能革命：深度整合内部顶尖大模型（如悟空、Qoder等），设计并落地企业级AI Agent，重塑团队协作模式，推动研发与运营流程的自动化与智能化变革。

职位要求：
1. 本科及以上学历，金融、经济、计算机、统计学、工商管理等相关专业优先；
2. AI敏锐度：对生成式AI（AIGC）、大模型应用有深刻理解与浓厚兴趣；有相关项目落地经验、黑客松获奖经历或开源社区贡献者极佳；
3. 具备极强的逻辑思维与商业洞察力，优秀的沟通协调能力；能在一个快速变化、高压的环境中保持激情，拥有卓越的团队协作精神。
"
天猫事业部-产品经理-供给与导购方向-运动户外行业,AI,上海,2026年04月22日,https://talent.taotian.com/off-campus/position-detail?positionId=100001000003,"职位描述：
1. 负责运动户外行业的产品工作，主要是面向商品和导购方向；
2. 通过对品类发展和商家经营模式的洞察，推进行业主推货盘的产品化组织能力，包括扩大行业新品、定制、尖货、专业性品类的供给规模和库存保障；
3. 通过对品类用户需求的洞察，推进品类垂直化导购产品能力建设和效率提升，包括运动鞋服品类的穿搭导购/尺码导购、户外品类的场景化导购/专业性导购等；
4. 整合运动户外内部各行业线的产品需求，明确产品功能与开发节奏，组织与协调中台产技共同推进产品落地，并持续不断优化产品体验；
5. 推动产品功能的数据监控和分析体系，扩大产品功能的使用覆盖度，提升产品效率，为行业带来可量化的明确增量；

职位要求：
1. 3年及以上的互联网产品经验，本科及以上学历，能从0-1做好产品规划，搭建产品能力；
2. 对行业发展有比较深刻的理解，具备平台与消费者视角，理解用户痛点；有行业产品经验或者熟悉运动户外行业者优先；
3. 善于持续学习，对AI等新技术有了解和敏感度；
4. 有较强的数据分析能力，具备SQL能力，通过数据分析推动策略的改进；
5. 优秀的沟通理解和协同能力，较强的自驱力和抗压能力，协同各方推进共赢方案"
天猫事业部-策略产品经理-千牛-商家成长,"AI, Agent",杭州,2026年04月21日,https://talent.taotian.com/off-campus/position-detail?positionId=100011180013,"职位描述：
1、负责天猫、淘宝千牛产品，商家成长包括任务、权益、激励等产品模块设计，通过挖掘不同程度的商家痛点，设计有效的策略帮助商家解决问题，提升商家GMV和商业化投入；
2、与行业合作，理解不同类目商家的经营方式，能根据行业目标进行有效的策略设计和产品落地；
3、持续跟踪和分析商家产品的使用数据、用户反馈及经营效果，评估策略的价值；
4、独立主导业务模块，能够协调各合作资源，与行业运营、算法、研发充分沟通，推动项目按时保质上线，及时进行项目复盘推动产品持续迭代。

职位要求：
1、 2-4年电商中后台产品经验，计算机等相关专业背景优先，有商家成长、AI Agent的经验优先；
2、对电商行业有理解，有业务思维，能从业务视角发现问题，并提出和设计产品解决方案；
3、自驱力强、善于沟通、协调资源能力强，善于利用自己的影响力协同相关协作方，推进需求落地；
4、良好的学习能力，较强的数据敏感和分析能力，性格开朗、乐观，愿意接受挑战。"
M&T事业部-淘工厂产品技术-用户增长产品经理,AI,杭州,2026年04月02日,https://talent.taotian.com/off-campus/position-detail?positionId=100010200023,"职位描述：
1. 负责淘工厂用户增长
- 负责与手淘内外部渠道/场域（如垂直频道/搜索推荐/订单/详情等）的长期合作推进，建立高效协作机制；- ，对场域面向的用户场景/商业化模式有一定的认知，可推动与搜索产品的深度结合；
- 基于用户生命周期相关数据挖掘，寻找用户增长空间
- 对淘工厂私域UV增长负责，协同多方资源达成目标。
2. 场域下搜索场景的产品与策略设计
- 基于用户行为数据与渠道特性，设计场域下搜索场景的产品形态与优化策略，提升渠道下的搜索UV及用户留存；
- 结合大模型的生成能力，在不同渠道下进行分人群、分意图的query推荐的策略及产品设计，拓宽用户的搜索需求、提升搜索效率；
- 面向多渠道协同的批量需求，判断需求优先级、找到解法，协同场域产品、搜索技术、算法团队等多团队，推动产品能力的需求落地与高效迭代。
3. 数据驱动的场景挖掘与分析
- 基于用户画像、行为分析、渠道特点等数据分析思路，结合AB实验，可识别问题、发现需求并持续观测优化表现；
- 可有效拆解目标，对UV增长、留存、转化等核心指标的分析归因能力，为决策提供数据支持。

职位要求：
1、本科及以上学历，2年以上增长产品 工作经验。
2、负责过超100Wdau以上app用户产品，熟悉产品框架，有较强的数据分析能力，通过数据能够发现问题，具备良好的逻辑思维能力。
3、善于深度思考，有一定的交互设计能力，对前端的用户体验表达有极致追求。
4、自我驱动力、责任心强，沟通能力优秀，能够快速跨团队协同推进项目，和合作方共同拿结果。"
