岗位,命中关键词,地点,发布时间,URL,JD
腾讯营销-AI投放策略产品经理,AI、Agent,北京,2026年07月10日,https://careers.tencent.com/jobdesc.html?postId=2041516078106050560&language=zh-cn,"1.负责智能投放素材优选，持续迭代基于大模型的素材识别能力及优选策略；
2.负责智能投放原子能力建设，独立演进智能定向、智能版位、出价产品的迭代升级或作为可插拔组件支撑行业化智能投放发展；
3.探索投放agent集群化能力建设，包括营销诉求拆解、投放准备、投放方案设计及管理、数据复盘等agent能力。
1.本科及以上学历，2年以上互联网广告经验，有营销投放策略/推荐策略等相关经验优先；
2.有较强的沟通和理解能力，可以将客户需求转化为产品策略设计；
3.具备较强的抽象分析能力，数据策略敏感度和分析能力；
4.了解大语言模型原理，有AI agent经验为佳。"
智能体-策略产品经理-CodeBuddy/WorkBuddy,AI、Agent,深圳,2026年07月10日,https://careers.tencent.com/jobdesc.html?postId=1949322738699182080&language=zh-cn,"1.负责构建Coding Agent评估体系，建立多行业测试用例库，通过CI/CD报告及埋点数据持续监控效果；
2.主导Prompt工程优化工作，开发垂直领域动态Prompt模板，迭代提示词策略，降低幻觉率并提升需求解析精度；
3.进行工具链集成与效能提升，设计工具智能调度规则，提升工具执行成功率和效果；
4.设计分层记忆管理机制，构建短期记忆与长期记忆，提升智能体应答效果，降低调用成本；
5.优化多智能体协同流程，提升 Plan/Design/Coding Agent 的协作效率；
6.备注：base地可选深圳/北京/上海。
1.具备技术理解深度，熟悉 Agentic Workflow设计及多智能体协作架构，掌握Prompt工程、RAG优化、联邦学习等关键技术，熟悉主流LLM，如Claude/Gemini/混元特性及局限；
2.拥有垂直领域经验，1年以上AI开发者工具产品经验，主导过智能体调优项目；
3.具备数据驱动能力，熟练通过A/B测试验证优化效果，运用漏斗分析定位失效根因；
4.具备复杂场景抽象力，能将金融风控、高并发支付等业务需求拆解为原子化任务，转化为Agent可执行的逻辑链，如“购物车结算分步流程”的语义化回退机制；
5.具备跨职能协同素养，高效联动算法团队，如模型微调、开发者体验组，如交互设计、企业解决方案专家，如私有化部署，推动调优策略快速落地。"
微信秒剪-AI产品经理,AI,广州,2026年07月10日,https://careers.tencent.com/jobdesc.html?postId=1951113659853963264&language=zh-cn,"1.负责秒剪的产品策划工作，深度挖掘用户在视频创作领域的核心痛点与潜在需求，设计并落地创新的产品方案，有效提升用户产品体验和使用效率；
2.围绕AI应用落地方向深入研究和设计，能够快速学习，拆解复杂问题并与开发同学有效配合制定解决方案，不断强化产品特点和独特的用户价值；
3.持续了解和深挖行业和用户特点，提出创新性的产品玩法，提升用户留存和活跃。
1.超强的学习能力，强烈的好奇心和探索欲，不做好不罢休的胜负欲；
2.认同并喜欢产品工作，对产品设计有饱满热情，正直善良，有良好的合作意识和沟通能力；
3.对用户高度敏感，具备扎实的用户思维，能够精准理解目标用户，并在此基础上独立思考，提出具有创新性的产品解决方案；
4.具备优秀的数据分析能力，能系统性思考、精准拆解复杂问题；逻辑清晰严谨，能有效利用数据驱动决策；
5.具备优秀的项目推动能力和执行力，能在快节奏、多变化的环境中高效工作，结果导向，敢于担当，抗压能力强；
6.三年及以上产品策划工作经验。"
营销与交易产品部-营销云AI产品经理,AI、Agent,上海,2026年07月09日,https://careers.tencent.com/jobdesc.html?postId=2042466630134558720&language=zh-cn,"1.负责营销云 AI 产品（智能体平台/AI Agent）的产品规划与设计，围绕社媒营销、内容生成、智能投放等场景，将大模型能力转化为可落地的产品方案；
2.深入理解企业营销场景和用户需求，主导需求调研、竞品分析、用户画像梳理，定义产品方向和优先级；
3.适配 CodeBuddy、Cloud Code 等 AI原生开发工具，探索 AI 原生产品协同模式，推动以 AI 为核心的产品设计与团队协作方式变革，实现需求定义、方案输出、原型验证的 AI 化提效；
4.紧跟 AI/大模型技术前沿，包括但不限于 LLM、AI Agent、RAG、多模态、harness、上下文工程等 等方向，评估新技术对产品的应用价值，将技术能力翻译为产品功能；
5.建立产品数据监控体系，通过数据分析驱动产品迭代，持续优化用户体验和商业效果。
1.本科及以上学历，计算机、人工智能、数据科学、统计学等理工科背景优先，3 年以上产品经理经验；
2.AI 产品经验必备：有大模型/AIGC/AI Agent 相关产品的完整设计和落地经验，理解 LLM 的能力边界、Prompt Engineering、Agent 工作流编排等核心概念；
3.营销领域认知：熟悉数字营销的核心链路（用户触达、内容营销、营销自动化、效果归因等），有 MarTech/AdTech/SaaS 产品经验者优先；
4.强技术理解力：能与算法和研发团队深度对话，理解模型训练、API 调用、数据流转等技术逻辑，具备基本的数据分析能力（SQL/Python 加分）；
5.出色的结构化思维：擅长将复杂问题拆解为清晰的产品方案，文档质量高，逻辑严谨；
6.自驱力与好奇心：对 AI 技术和营销行业保持高度热情，持续跟踪前沿动态，能主动发现机会并推动落地；
7.优秀的跨团队沟通和项目推动能力，能在多方诉求中找到最优解。"
腾讯云-AI Infra异构计算产品经理,AI,深圳,2026年07月09日,https://careers.tencent.com/jobdesc.html?postId=2034117546277498880&language=zh-cn,"1.负责面向AI推理场景的异构计算产品定义和规划，制定AI推理场景下的模型调优和业务部署应用平台规划，助力业务推理效率提升；
2.负责高性能训练集群产品规划工作，提升大规模AI分布式训练场景的平台加速、易用性和可观测性等产品能力；
3.持续跟踪人工智能市场发展及行业技术趋势，制定产品的长期规划；
4.指导或协助客户解决AI业务使用异构计算产品遇到的各种问题，发掘客户使用产品的潜力，输出产品解决方案。
1.本科以上学历，计算机、人工智能、数学等相关专业；
2.5年以上B端产品经理经验，有AI项目及云计算领域经验者优先；
3.熟悉数据中心GPU产品，对AI框架（Pytorch, TensorFlow等）有基本了解或使用经验，了解各类组件和库在推荐系统/CV/NLP/ASR等应用场景中的使用特点和优劣，能指导客户完成业务部署，初步分析性能瓶颈，解决各种业务层面的问题；
4.有云厂商AI产品经理经验者优先；
5.有一定的管理能力，具备丰富的产品规划和设计经验，对AI技术及行业有前瞻性战略思考；
6.清晰的逻辑分析和表达能力，乐观积极，具有较强的责任心和执行力。"
混元大模型数据策略产品经理-AI Agent / Coding方向（深圳/北京）,AI、Agent,北京,2026年07月08日,https://careers.tencent.com/jobdesc.html?postId=2059832165742592000&language=zh-cn,"1.策略设计：负责大模型在AI Agent 及多个高价值专业垂类（金融、医疗、法律、科研等多元方向皆可）的后训练数据策略，制定针对行业深度、复杂推理与交互合成等核心能力的数据体系标准；
2.链路与协同：紧密衔接算法与数据标注团队，搭建数据生产标准与质量评估体系；协同推进自动化清洗、数据合成与人工标注的高效流转，保障高质量数据的连续交付；
3.**评测与环境：针对“难求解、易验证”的复杂垂类与 Agent 任务构建科学的动态评测集（Benchmarks）；协同研发搭建前沿模型训练所需的底层验证与交互环境（Sandbox / RL Environment）。
1.经验门槛：本科及以上学历；过往必须具备 AI / 大模型相关从业经验，有 AI Agent 或高价值专业垂类方向的数据策略、系统建设或评测集构建经验者优先；
2.协作素养：深入理解大模型后训练逻辑（SFT/RLHF/数据合成）；具备极强的跨团队统筹沟通能力，能与算法专家、业务专家及标注运营团队无缝配合，快速定位并攻克数据短板；
3.工程能力：具备扎实的工程开发与自动化处理能力，熟练掌握Python；能独立编写脚本完成数据清洗、流水线搭建与自动化质检开发；
4.底层认知：具备良好的产品思维、极客精神和自驱力，对模型缺陷（Badcase）有极强的数据敏感度，英语可作为工作及技术调研语言。"
混元 AI 产品经理（北京/深圳）,AI、Agent,北京,2026年07月08日,https://careers.tencent.com/jobdesc.html?postId=2059455036769091584&language=zh-cn,"1.围绕大模型、Agent、Context、Memory、工作流、人机协作等方向，参与产品方向设计与关键路径判断； 将模型能力与用户场景结合，完成需求抽象、产品方案设计和版本推进；
2.深入理解用户在创作、决策、协同、知识沉淀、效率提升等场景中的真实需求，形成产品判断；
3.联动算法、工程等团队，推动产品高质量落地；
4.基于用户反馈、行为数据和案例分析，持续优化产品体验与核心机制；
5.对AI 产品进行评估体系的搭建和执行，能够从模型效果、任务完成度、用户价值、稳定性等维度设计评估方法，推动产品持续迭代；
6.总结 AI 产品方法论，沉淀可复用的产品认知与工作框架。
1.本科及以上学历，国内外优秀院校优先；
2.数学、计算机、工程、物理、认知科学、心理学、哲学等相关背景优先；
3.有大模型、Agent、AI 应用、Copilot、搜索/知识、工作流等相关产品经验优先；
4.有较强工程理解力，能够和算法、工程团队进行高质量协作；
5.有较强结构化思考能力，能把复杂问题讲清楚、拆明白；
6.具备 AI 产品评估意识和能力，能判断产品效果、定位问题，并推动优化闭环；
7.自驱力强，有 ownership，能在高不确定性中持续推进。"
智能体套件-高级产品经理-CodeBuddy/WorkBuddy,AI、Agent,深圳,2026年07月08日,https://careers.tencent.com/jobdesc.html?postId=2074756585305059328&language=zh-cn,"1.构建领先的智能体套件产品，进行腾讯办公与生产力效率产品能力的套件化设计，与WorkBuddy/CodeBuddy/Managed Agents产品深入融合；
2.主导智能体套件产品的路线图与客户成功路径，定义产品模块组合、能力融合与设计多种场景形态架构，应对不同场景的市场需求；
3.设计统一账号，统一管理和统一智能体任务积分消耗与供应体系，支撑套件体验优化与升级；
4.设计匹配版本的权益区隔，统一套件商业化定价成本逻辑与售卖策略；
5.串联研发、设计、销售和解决方案等团队，不断推动套件产品的商业化结果落地；
6.备注：base地可选深圳/北京/上海。
1.5 年以上SaaS/企业级产品经验，其中 ≥2 年负责付费商业化产品；
2.深度理解企业协同办公协同工具或企业级 AI/智能体平台至少一类，熟悉其产品形态与商业逻辑；
3.有 LLM 应用、Agent / RAG、智能体编排、MCP / 工具调用相关产品经验；
4.具备复杂产品定义与体系设计能力，能为SKU 定义、版本权益分层、定价/计费负责；
5.优秀的结构化思维、跨团队推动力与沟通能力，能独立主导调研、设计和落地闭环。"
微信输入法-AI产品经理,AI、Agent,广州,2026年07月08日,https://careers.tencent.com/jobdesc.html?postId=1978467627152072704&language=zh-cn,"1.负责微信输入法 AI 方向的产品策划，围绕大语言模型（LLM）、Agent、多模态交互、语音识别与合成（ASR）等前沿技术，探索 AI 在文字输入、智能表达、语音交互、内容创作等核心场景的创新落地方案；
2.深度挖掘用户在输入全链路中对 AI 的真实需求和使用场景，设计端到端的产品解决方案并推动落地，持续提升输入效率与表达体验；
3.结合业务目标定义模型效果标准和评测体系，协同算法、工程、设计团队进行模型迭代优化与数据飞轮建设；
4.持续跟踪大模型与 AI 交互领域的前沿趋势及竞品动态，提出创新性产品策略，强化微信输入法的 AI 产品心智。
1.较强的学习能力和好奇心，对 AI 和大模型技术有深刻理解与热情，能快速跟进前沿研究并转化为可落地的产品方案；
2.有 C 端 AI 产品经验，熟悉 LLM、Agent、多模态交互、语音交互（ASR）等至少一个方向的产品化落地；有 AI 评测体系搭建、策略产品经验者优先；
3.较好的用户思维，对用户输入行为、表达需求和交互体验有敏锐洞察，能通过数据分析和用户研究驱动产品决策；
4.出色的系统性思考与问题拆解能力，逻辑清晰，能独立负责复杂产品模块的从 0 到 1；
5.对文字、语音、内容创作等场景有审美和感受力，能结合用户真实使用场景为模型制定贴合需求的任务目标与效果标准；
6.优秀的执行力与推动力，能高效协同算法、工程、设计、测试等多角色团队，抗压能力强；
7.一年及以上产品工作经验；曾经有算法工作经验的同学优先。"
企业微信-产品经理-AI智能机器人,AI,广州,2026年07月08日,https://careers.tencent.com/jobdesc.html?postId=1985253844522782720&language=zh-cn,"1. 负责企业微信AI智能机器人相关产品策划工作，具体包括但不限于功能的策略制定、功能设计及推动上线；
2. 主要负责企业场景下的智能体搭建服务，包括企业应用服务、数据与AI的结合，提供产品解决方案；
3. 持续了解企业AI应用场景，与更多生态伙伴合作，帮助用户解决问题并为企业微信带来增长。
1. 在产品功能策划上有一定经验和能力，愿意投身toB领域；
2. 沟通能力好，善于观察和分析，具备很好的逻辑抽象、框架思考以及技术理解能力；
3. 有AI相关背景优先。"
企业微信-产品经理-AI方向,AI,广州,2026年07月08日,https://careers.tencent.com/jobdesc.html?postId=1880770535693004800&language=zh-cn,"1.负责企业微信内的基础模块和AI功能的相关产品策划工作，具体包括但不限于基础功能的策略制定、功能设计及推动上线；
2.主要负责的功能模块是企业微信AI相关功能、主框架、基础IM体验、基础管理体验等；
3.持续了解企业通讯工具、协同工具、企业微信与AI结合的需求和体验提升。
1.对产品设计有饱满热情，在功能策划上有一定经验和能力；
2.对AI有一定经验或者知识积累，且有结合用户视角理解的能力；
3.善于观察和分析，善于发现关键问题，分清主次矛盾，具备很好的逻辑抽象能力，和框架系统思考的能力；
4.有机会洞察能力，面对产品增长的瓶颈，有意愿突破难解的问题，寻找可能的出口尝试。"
WeGame-高级产品经理-AI产品应用,AI、Agent,深圳,2026年07月08日,https://careers.tencent.com/jobdesc.html?postId=2018950192145006592&language=zh-cn,"1.AI场景挖掘与定义： 深入洞察 PC 玩家在游戏全生命周期（找游戏、玩游戏、社区交流）中的痛点，定义 WeGame AI 助手及 AI 原生功能的应用场景；
2.产品设计与落地： 负责从 0 到 1 推动 AI 功能的设计与落地。将 LLM（大语言模型）、多模态理解等前沿技术转化为“游戏助手”、“智能社区”等具体的交互体验；
3.智能化演进驱动： 负责平台智能推荐、自动化工具及 AI 交互系统的迭代，推动 WeGame 从传统的“游戏启动器”向“智能游戏伙伴”跃进；
4.跨部门协同： 与算法团队、工程团队及游戏运营团队紧密配合，把控技术实现的可能性与用户体验的平衡点，确保 AI 功能的高质量交付；
5.效果评估与优化： 建立 AI 产品的量化评价体系，通过数据分析与用户反馈持续打磨模型效果，提升用户在 AI 场景下的留存与活跃。
1.2 年及以上互联网产品经验，有 AI 产品（如对话机器人、搜索推荐、内容创作工具）从业背景者优先；
2.对大模型（LLM）底层逻辑、Agent 框架、Prompt Engineering 有深度理解，能够与算法工程师进行无障碍技术交流；
3.热爱游戏，愿意长期在游戏行业深耕；
4.有较强的抗压与自驱动，面对 AI 这一不确定性领域，具备极强的探索精神和结果导向意识，能在快速迭代的环境中拿结果；
5.逻辑思考优秀，重视用户体验。"
AI协作工具产品高级产品经理,AI、Agent,深圳,2026年07月08日,https://careers.tencent.com/jobdesc.html?postId=2061001589497442304&language=zh-cn,"1.统筹新一代腾讯AI协作工具产品规划与 AI 战略落地：对用户规模、AI 功能渗透率负责，制定产品策略与版本节奏；
2.核心场景设计：结合 LLM、Agent、RAG、多模态内容理解等 AI 能力，围绕云存储、文件分享、开放生态等核心场景输出需求方案与功能设计；
3.构建上下文驱动的智能体验：打造跨应用/跨文件/跨场景的语义检索、对话式文件管理、智能推荐、知识沉淀与召回，把网盘从""存储工具""升级为""个人 AI 知识中枢""；
4.搭建开放生态与内容理解体系：对接第三方 AI 能力、Agent、插件、ISV 开发者，输出平台化接入机制；推动文档/图片/音视频等内容理解能力沉淀为网盘基础设施。
1.本科及以上，2年以上互联网产品经验，AI工具类或内容/知识管理类产品背景优先；
2.有 AI 产品落地经验：熟悉 LLM、Agent、RAG、Prompt 工程或多模态内容理解，能独立完成 AI 功能从 0 到 1 的策划与落地；
3.有以下项目经验之一：（1）基于上下文的对话 / 推荐 / 搜索类产品；（2）非结构化内容（文档/图片/音视频）的理解、摘要、问答、生成类产品；（3）开放平台、插件生态、Agent / MCP 类生态产品答、生成类产品；
4.用户洞察与产品策划能力强，能独立完成需求分析到落地的全流程；
5.数据敏感度高，逻辑清晰，兼具产品与运营思维，有跨部门协同落地经验。"
微信-产品经理-AI方向,AI,广州,2026年07月07日,https://careers.tencent.com/jobdesc.html?postId=2037392058448248832&language=zh-cn,"1.从真实场景下的用户需求出发，负责探索微信AI应用场景并推动落地；
2.跟进并理解大模型等相关技术发展，深刻理解模型进化带来的改变，在产品的设计中充分应用模型能力。
1.对 AI 在微信生态下的独特价值有想法，有思考，有想象力；
2.强烈的好奇心和探索欲，极强的执行力和推动力；
3.积极主动，深入思考，实事求是，诚恳谦逊；
4.有 AI 助手方向算法/策略侧工作经历加分。"
元宝-大模型策略产品经理（AIGC方向）,AI,深圳,2026年07月06日,https://careers.tencent.com/jobdesc.html?postId=2021054127102132224&language=zh-cn,"1.端到端效果负责： 全面负责元宝各核心场景下 AIGC 的端到端效果优化，定义并持续提升生成内容的准确性、丰富度及逻辑性；
2.策略驱动与协同： 深入业务细节，通过精细化的数据分析定位模型短板；与算法、工程及策划团队紧密协作，制定针对性的模型训练和Prompt 优化方案，确保业务目标达成；
3.能力抽象与演进： 实时洞察全球 AIGC 领域动态，能够快速识别高价值技术方向，将其抽象为具体的能力维度和评估标准，驱动模型效果迭代进化；
4.闭环体系建设： 搭建并完善 AIGC 效果的评估体系（包括自动化评测与人工评测），建立高效的数据回流闭环，确保策略迭代的有据可依。
1.背景要求： 具备 1 年以上策略产品或 AI 相关产品经验；
2.策略功底： 对生成模型底层原理有深入理解，熟悉常见的 Prompt Engineering、模型评估方法及数据标注逻辑；
3.数据敏锐度： 具备极强的数据分析能力，能从复杂数据中抽丝剥茧发现核心问题；
4.落地执行： 具备优秀的跨团队沟通和项目管理能力，能平衡算法边界与业务需求，推动复杂策略的高效落地；
5.行业洞察： 是 AIGC 的重度玩家，对领域的最新动态保持高度敏感，能快速理解新技术并评估其商业价值；
6.素质模型： 具备极强的逻辑思维能力、抗压能力以及在模糊环境下寻找确定性方案的自驱动力。"
元宝-大模型策略产品经理（AIGC方向）,AI,北京,2026年07月06日,https://careers.tencent.com/jobdesc.html?postId=2021054129127981056&language=zh-cn,"1.端到端效果负责： 全面负责元宝各核心场景下 AIGC 的端到端效果优化，定义并持续提升生成内容的准确性、丰富度及逻辑性；
2.策略驱动与协同： 深入业务细节，通过精细化的数据分析定位模型短板；与算法、工程及策划团队紧密协作，制定针对性的模型训练和Prompt 优化方案，确保业务目标达成；
3.能力抽象与演进： 实时洞察全球 AIGC 领域动态，能够快速识别高价值技术方向，将其抽象为具体的能力维度和评估标准，驱动模型效果迭代进化；
4.闭环体系建设： 搭建并完善 AIGC 效果的评估体系（包括自动化评测与人工评测），建立高效的数据回流闭环，确保策略迭代的有据可依。
1.背景要求： 具备 1 年以上策略产品或 AI 相关产品经验；
2.策略功底： 对生成模型底层原理有深入理解，熟悉常见的 Prompt Engineering、模型评估方法及数据标注逻辑；
3.数据敏锐度： 具备极强的数据分析能力，能从复杂数据中抽丝剥茧发现核心问题；
4.落地执行： 具备优秀的跨团队沟通和项目管理能力，能平衡算法边界与业务需求，推动复杂策略的高效落地；
5.行业洞察： 是 AIGC 的重度玩家，对领域的最新动态保持高度敏感，能快速理解新技术并评估其商业价值；
6.素质模型： 具备极强的逻辑思维能力、抗压能力以及在模糊环境下寻找确定性方案的自驱动力。"
腾讯会议-AI产品经理-企业应用方向,AI、Agent,深圳,2026年07月03日,https://careers.tencent.com/jobdesc.html?postId=2036620119203020800&language=zh-cn,"1.负责腾讯会议内 AI 在企业场景相关的产品策划工作；
2.结合AI技术，搭建腾讯会议企业管理体系、身份体系，使Agent在企业内便捷、安全的使用；
3.与腾讯内部SaaS产品线合作，整合面向AI的开放能力，形成拓展性强、高可用的开放体系；
4.持续分析竞品动态及行业趋势，了解企业客户需求，定义产品差异化能力，规划产品功能迭代。
1.本科及以上学历，2年以上互联网产品工作经验，有toB产品经验优先考虑；
2.对AI行业趋势和大模型技术与应用边界有深刻的理解，对AI产品有热情；
3.具备较强的用户思维、产品体验敏感度和出色的团队协作与沟通能力；
4.善于系统化思考，对行业有深入的洞察、清晰的业务逻辑和产品判断。"
魔方高级 AIGC产品经理（大模型方向）,AI,深圳,2026年07月02日,https://careers.tencent.com/jobdesc.html?postId=2071610936929730560&language=zh-cn,"1.负责大模型研发项目的目标对齐、计划拟定、过程管理、风险控制；与算法、产品、工程、数据等多个团队深度合作，确保目标得到精准理解并高效实现；
2.成为产品设计和技术链路的桥接，负责需求撰写、拆解与优先级管理，输出清晰的PRD/技术规格，推动产品技术方案实施；
3.搭建数据管线的采集、标注、清洗、蒸馏等质量评估流程与机制，确保模型团队开发顺利；
4.对大模型产品进行评估体系的搭建和执行，能够从模型效果、任务完成度、稳定性等维度设计评估方法，推动产品持续迭代。
1.年以上产品经理经验，有 AI / 大模型产品的完整落地经历；
2.熟悉大模型（LLM/多模态）技术原理，能与算法团队进行实质性技术讨论；
3.具备扎实的项目管理能力（版本管理、风险管理、资源协调），有 PO/PM 双重角色经验者优先；
4.优秀的沟通能力和抗压能力。"
腾讯云-异构计算产品经理-北京/深圳,AI,深圳,2026年07月02日,https://careers.tencent.com/jobdesc.html?postId=1902211071872155648&language=zh-cn,"1.负责面向AI推理场景的异构计算产品定义和规划，制定AI推理场景下的模型调优和业务部署应用平台规划，助力业务推理效率提升；
2.负责高性能训练集群产品规划工作，提升大规模AI分布式训练场景的平台加速、易用性和可观测性等产品能力；
3.持续跟踪人工智能市场发展及行业技术趋势，制定产品的长期规划；
4.指导或协助客户解决AI业务使用异构计算产品遇到的各种问题，发掘客户使用产品的潜力，输出产品解决方案。
1.本科以上学历，计算机、人工智能、数学等相关专业；
2.5年以上B端产品经理经验，有AI项目及云计算领域经验者优先；
3.熟悉数据中心GPU产品，对AI框架（Pytorch, TensorFlow等）有基本了解或使用经验，了解各类组件和库在推荐系统/CV/NLP/ASR等应用场景中的使用特点和优劣，能指导客户完成业务部署，初步分析性能瓶颈，解决各种业务层面的问题；
4.有云厂商AI产品经理经验者优先；
5.有一定的管理能力，具备丰富的产品规划和设计经验，对AI技术及行业有前瞻性战略思考；
6.清晰的逻辑分析和表达能力，乐观积极，具有较强的责任心和执行力。"
智能体-策划产品经理-CodeBuddy/WorkBuddy,AI、Agent,深圳,2026年07月02日,https://careers.tencent.com/jobdesc.html?postId=1949322741660385280&language=zh-cn,"1.负责CodeBuddy IDE产品的整体规划与战略制定，明确AI功能迭代方向；
2.持续跟踪AI开发者工具竞品的动态，为产品决策提供有力依据，同时精准提炼垂直行业的核心痛点，如合规代码生成等；
3.主导产品的全生命周期管理，负责编写需求文档（PRD），清晰定义AI功能的交互逻辑；
4.积极推动腾讯云生态与CodeBuddy IDE的深度集成，包括CloudBase部署、微信小程序兼容等方面，设计有效的技术解决方案；
5.构建完善的产品指标体系，如代码生成准确率、任务耗时等，通过漏斗分析精准定位用户体验断点；
6.备注：base地可选深圳/北京/上海。
1.本科及以上学历，计算机科学、AI或产品设计相关专业优先，熟悉AI开发生态，包括大模型技术栈、Agentic Workflow等，以及主流IDE工具链；
2.具备3年以上AI/开发者工具产品策划经验，有主导代码生成、低代码平台或智能助手类产品的成功案例，熟悉GitHub、VS Code生态以及企业级服务落地的相关要求，如金融、医疗行业的合规需求；
3.拥有敏锐的技术趋势洞察力，能够及时捕捉如L5级自组织AI团队等技术发展趋势，熟练运用用户研究方法，如焦点小组、Kano模型等，精准转化开发者需求为产品特性；
4.具备高效的跨职能协同能力，能够与技术（算法/工程）、市场（GTM策略）、销售（企业客户拓展）等团队进行良好的沟通与协作，推动资源整合与策略的有效落地；
5.熟练使用产品管理工具，如Jira、Confluence等，以及数据分析平台，如QuickSight、Tableau等，英语读写流利，具备较强的抗压能力和创新意识。"
腾讯会议-增长产品经理,AI,深圳,2026年07月01日,https://careers.tencent.com/jobdesc.html?postId=2039624806697168896&language=zh-cn,"1.负责 AI 通讯产品的用户规模增长，探索和落地AI时代新的KOL/KOC、新流量场（社区 / 社群等）、新增长玩法，获得用户规模与口碑；
2.负责跨团队跨产品的增长合作，协同上下游产品共同打造更符合AI时代需求的场景，提升用户规模。
1.本科及以上学历，3年互联网产品用户增长经验，有SaaS或AI产品增长经验优先；
2.熟悉用户增长方法论，对用户需求和数据敏感，具备一定策划思维- 有较强的目标感和推动力，能跨团队推进项目落地、获取增长结果；
3.有好奇心、动手能力强。"
营销与交易产品部-云Mall 高级产品经理（电商交易平台方向）,AI、Agent,深圳,2026年06月29日,https://careers.tencent.com/jobdesc.html?postId=2043480582519947264&language=zh-cn,"1.负责云Mall产品线的整体产品规划，包括版本路线图、优先级决策，从电商交易全链路（商品发现→决策转化→交易履约→售后服务）出发定义产品核心能力和差异化打法；
2.主导交易核心模块的产品架构设计，包括商品管理、订单管理、结算引擎、库存管理、营销活动、售后服务等，设计可复用的产品化底座，支撑私有化部署与SaaS双模式交付；
3.从AI原生视角重新定义交易平台的产品形态，思考当AI Agent成为交易参与者时，交易平台的产品架构、交互模式、数据开放方式需要发生怎样的根本性变化，而非在现有产品上叠加AI功能；
4.前瞻性规划面向AI Agent时代的交易基建，定义交易平台如何适配""人+Agent""混合交易场景——商品如何被机器理解、交易流程如何被协议化调用、履约能力如何对外开放；
5.深度洞察品牌客户需求，区分大品牌与中腰部客户的差异化诉求，将客户需求转化为可落地的产品方案；
6.持续跟踪行业趋势与竞品动态（如业内头部标杆产品的AI化演进，AI Agent/MCP等新范式对电商交易场的重塑），转化为产品策略输入。
1.5年以上电商交易平台/电商SaaS产品经验，对交易全链路（商品、订单、库存、结算、营销、售后）有系统性理解，做过或深度参与过电商建站平台/交易平台型产品（如同类电商SaaS/PaaS）；
2.深刻理解交易场的核心指标和优化逻辑，熟悉转化漏斗、加购率、结算转化率、客单价、复购率等关键指标，有实际的交易转化率优化经验；
3.有大客户/品牌客户的产品服务经验，理解大品牌的定制化、数据安全、私有化部署需求，能在产品化和项目化之间找到平衡；
4.具备AI原生的产品思维：能跳出""在现有电商产品上加AI功能""的惯性，从交易形态变革的角度思考产品——当交易的发起者从人变成Agent，产品该长什么样；
5.对AI Agent时代的电商变革有独立思考，理解AI Agent、MCP协议、自然语言交互等新范式对电商交易场的潜在冲击，能提出面向未来的产品架构储备方案；
6.务实且有前瞻性，能把在产品基础优化的过程中，同时保持对AI和行业趋势的敏感度，为产品下一个阶段做准备。"
腾讯安全-AI代码安全产品经理,AI,深圳,2026年06月29日,https://careers.tencent.com/jobdesc.html?postId=2070679023687745536&language=zh-cn,"1.负责 CodeBuddy Security（企业级AI代码安全扫描产品）的产品规划与路线图制定，对标业界领先产品，构建差异化竞争力；
2.主导产品功能设计与迭代，将大模型能力与 SAST 代码安全技术深度融合，设计高准确率、低误报的智能化代码安全检测与自动修复方案；
3.持续跟踪AI代码安全领域的行业趋势与竞品动态，深入研究大模型在漏洞检测、安全审计等场景的前沿应用，输出竞品分析报告为产品演进提供决策依据；
4.深入调研企业客户安全需求与开发流程，确保安全检测能力无缝融入 IDE、CI/CD、代码评审等开发者日常工作流，做到安全能力无感植入、风险预警精准触达；
5.建立产品效果度量体系（漏洞检出率、误报率、修复采纳率等），配合GTM团队推动产品商业化落地与客户拓展。
1.本科及以上学历，计算机科学、信息安全、软件工程等相关专业，3年以上产品经理工作经验；
2.熟悉软件安全开发生命周期（SSDLC），了解常见漏洞类型（OWASP Top 10、CWE）及代码安全检测技术（SAST/SCA/DAST）；
3.熟悉主流编程语言（Java/Python/Go/JavaScript等）及开发框架，理解CI/CD流水线、代码托管平台（GitLab/GitHub）的工作机制；
4.了解大语言模型（LLM）的基本原理与应用范式，对AI在安全领域的应用有独立思考；
5.具备优秀的需求分析、产品设计和文档撰写能力，能独立完成PRD、产品原型和路线图规划；
6.具备出色的跨团队沟通协调能力与严密的逻辑思维，能在复杂技术环境中推动多方共识。"
微信读书产品部-AI产品经理,AI、Agent,广州,2026年06月29日,https://careers.tencent.com/jobdesc.html?postId=2068897868235849728&language=zh-cn,"1.负责读书产品部新应用的产品策划工作，涵盖 IM 群聊、AI Agent、实时协同等；
2.结合前沿技术发展趋势，探索AI在办公协作/项目管理等场景的创新落地方案；
3.洞察挖掘用户对AI的真实需求和具体场景，设计解决方案并落地；
4.跟进并理解大模型等相关技术发展，深刻理解模型进化带来的改变，在产品的设计中充分应用模型能力。
1.具备极客精神，能通过低代码平台或代码进行原型验证，自己动手搭建过各种AI Agent/工具项目优先；
2.有B端或C端AI 相关产品经验，对AI行业趋势和大模型技术有深刻理解和热情；
3.超强的学习能力，强烈的好奇心和探索欲，不做好不罢休的胜负欲；
4.具备极强的用户思维和数据分析能力，能精准理解用户需求并利用数据驱动决策。"
腾讯视频-AI 产品经理,AI、Agent,北京,2026年06月26日,https://careers.tencent.com/jobdesc.html?postId=2046845261342470144&language=zh-cn,"1.参与腾讯视频worksolo等产品工作，包括AI Agent、skill、AI交互体验等核心模块的产品设计与迭代；
2.深入理解AI视频生成、Agent、多模态大模型等技术能力边界，将前沿AI能力产品化为普通创作者可用的功能；
3.持续关注AI行业趋势，规划核心功能，快速运用AI工具推动产品落地与版本迭代，协同算法、工程、设计、运营团队，定义产品目标与里程碑，保障产品按期高质量交付；
4.建立数据驱动的产品迭代机制，基于用户反馈与核心指标持续优化产品体验，提升AI工具的易用性与留存。
1.本科及以上学历，计算机、人工智能、数据科学等相关背景，3年以上产品经理经验，有AI/AIGC产品从业经历，AI创作工具（视频/图像/Agent/数字人等）项目经验优先；
2.具备基础的AI产品素养，熟悉LLM、Diffusion、Agent框架、多模态模型、RAG等技术原理，能与算法及工程团队高效对话；
3.有优秀的产品设计与交互能力，对用户体验有深刻理解，对C端产品细节有极高要求；
4.具备从0到1的产品冷启动经验，能接受早期阶段高强度迭代节奏，有AI创作工具背景或个人是AI工具重度使用者优先。"
腾讯混元大模型数据产品经理,AI、Agent,北京,2026年06月26日,https://careers.tencent.com/jobdesc.html?postId=2064244091922853888&language=zh-cn,"1.负责腾讯混元大模型数据飞轮整体规划与落地，设计自动化、可自生长的数据迭代闭环，形成模型数据正向增长飞轮；
2.负责大模型数据平台、智能采样、难例挖掘、数据质检、正负样本管理等数据基建产品的需求设计与迭代落地；
3.联动算法、训练、评测、业务团队，针对推理、代码、长文本、Agent调用等核心场景，制定数据迭代策略，定向产出高质量增量数据，驱动模型效果迭代升级；
4.建立统一的大模型数据质量标准、流程规范与效率指标体系，优化数据清洗、蒸馏、精标全链路，提升模型迭代效率、降低迭代成本；
5.搭建模型幻觉、事实错误、逻辑偏差、安全风险等负样本数据闭环，持续优化模型对齐效果、稳定性与安全性；
6.结合腾讯元宝、行业解决方案等业务场景，沉淀垂类数据迭代方案，支撑大模型规模化落地与商业化；
7.跟进行业前沿数据迭代技术，结合混元模型架构特性持续优化数据飞轮体系，沉淀可复用的模型数据迭代方法论。
1.本科及以上学历，2-3年及以上大模型AI产品经验，有大模型数据飞轮、RLHF/DPO模型对齐、模型迭代闭环相关落地经验；
2.熟悉LLM预训练、微调、对齐全链路逻辑，了解大模型推理、代码、长文本、Agent等核心场景的数据迭代逻辑；
3.具备独立的数据产品规划、方案设计、项目推进能力，数据敏感度高，能够通过数据分析定位模型短板并输出优化策略；
4.逻辑清晰、执行力强，具备优秀的跨团队协同能力，可独立负责核心专项迭代；
5.有大厂基座大模型、MoE模型迭代经验者优先。"
混元大模型平台产品经理（北京/深圳）,AI,北京,2026年06月26日,https://careers.tencent.com/jobdesc.html?postId=2070472100677857280&language=zh-cn,"1.一站式AI Infra底座体系建设：围绕混元大模型全链路研发流程，统筹设计模型训练、效果评测、服务部署、底层调度、版本迭代的一站式平台产品能力，构建标准化、可复用、高效率的模型研发基础设施，支撑内部模型规模化、常态化迭代交付；
2.大模型评测体系产品化落地：负责AI评测平台核心能力搭建与体系升级，深度对齐通用/专业Benchmark评测标准、评测数据集管理、评测任务编排、多版本模型对照、效果归因分析等全流程产品设计，搭建标准化、自动化、可追溯的模型质量评估闭环，保障混元模型迭代精度与效果稳定性；
3.跨团队技术需求治理与项目落地：深度对接算法研发、AI工程、框架团队、算力平台等核心角色，拆解复杂技术诉求、沉淀通用产品能力、输出完整方案与PRD，持续推进平台能力落地、流程提效、体验升级与技术壁垒沉淀；
4.平台效能优化与长期规划：持续复盘模型研发链路瓶颈，针对训练调试成本高、评测链路碎片化、部署迭代低效等问题，输出体系化产品解法，推动AI研发流程标准化、自动化、集约化建设。
1.本科及以上学历，3年及以上大厂AI Infra/大模型平台/算法工程产品经理经验，有大模型研发底座、评测平台、训练部署平台完整建设经验优先；
2.具备扎实的大模型技术认知，熟悉LLM训练、微调、数据生产、效果评测、推理部署、服务上线的完整技术链路，能够快速理解技术痛点并转化为平台产品能力；
3.熟悉大模型评测体系，了解主流Benchmark体系、评测数据集管理、模型对照评估、自动化评测流程，具备评测平台体系化建设经验优先。"
腾讯会议-AI产品经理-ASR方向,AI,深圳,2026年06月25日,https://careers.tencent.com/jobdesc.html?postId=2036621556322562048&language=zh-cn,"1.负责AI语音相关产品的规划、设计与迭代；
2.联动算法/工程/数据团队，推进AI语音能力在业务中的落地，持续优化识别准确率、响应速度等关键指标；
3.建立语音产品质量评估体系，负责效果评测集构建、竞品分析和数据驱动的产品迭代。
1.本科及以上学历，3年以上智能语音、自然语言处理或其他AI相关领域的产品经验；
2.熟悉语音识别、语义理解、语音合成等语音交互相关技术，掌握语音产品性能评估方法；
3.具备敏锐的用户感知力，对产品体验有极致追求，能够主动发现并解决问题。"
腾讯云文字识别高级产品经理,AI、Agent,上海,2026年06月25日,https://careers.tencent.com/jobdesc.html?postId=2037377907856408576&language=zh-cn,"1.负责OCR相关的产品策划工作，尤其是在大模型时代，传统OCR产品和多模态OCR模型，如何与大模型生态相结合。需结合腾讯云文字识别的现状，和市场竞争态势，制定产品的长期愿景、战略规划及实施路线图（Roadmap），确保产品方向具备前瞻性和竞争力；
2.基于文字识别客户的需求，从文字识别基础能力出发，结合LLM、VLM等大模型能力，深入具体行业、场景，基于Agent平台等能力，快速搭建行业解决方案进行验证，并基于共性的客户需求，沉淀出可复制的行业解决方案；
3.产品商业化与增长：制定产品上市策略，独立面向决策层进行方案宣讲与价值沟通；通过数据分析驱动产品迭代和运营策略优化，实现产品在不同客户群体的规模化扩张。
1.本科及以上学历，计算机科学、人工智能等相关专业优先；
2.具备5年以上 AI产品工作经验，具备产品策划和to b商业化的完整经验，有文字识别相关产品工作经验者优先；
3.具备至少3人以上产品小团队的管理经验；
4.具备良好的逻辑思维能力和沟通协调能力，能承受工作压力，适应快节奏工作环境。"
大数据产品经理（深圳/北京）,AI、Agent,深圳,2026年06月25日,https://careers.tencent.com/jobdesc.html?postId=2013806539382611968&language=zh-cn,"1.负责数据 Agent 方向产品规划，面向数据开发、数据分析、数据治理、数据运维等场景，设计智能化产品能力；
2.梳理用户在找数、取数、写 SQL、建任务、查血缘、排障、指标理解等场景中的痛点，推动 Agent 化解决方案落地；
3.设计自然语言驱动的数据工作流，包括意图理解、任务拆解、工具调用、结果解释、异常处理和用户确认机制；
4.推动数据平台能力 Agent 化，将 SQL 查询、元数据、血缘、质量、调度、权限等能力封装为 Agent 可调用工具；
5.与算法、研发、数据平台和业务团队协作，推动产品从方案设计、原型验证到线上落地，并持续优化产品效果；
6.建立数据 Agent 的效果评估体系，关注任务完成率、准确率、采纳率、执行成功率和用户反馈闭环。
1.任职要求；
2.年以上产品经理经验，有 AI 产品、数据产品、数据平台、BI、开发者工具或企业软件经验优先；
3.熟悉数据开发、数据分析、SQL、指标体系、元数据、数据血缘、数据质量等基础概念；
4.理解大模型、Prompt、RAG、Tool Calling、Workflow、Agent 等基本概念，了解 Agent 与普通问答产品的差异；
5.具备复杂业务场景抽象能力，能够将数据工作流程拆解为可理解、可执行、可评估的产品方案；
6.具备良好的技术沟通能力，能与算法、后端、前端、数据平台研发高效协作；
7.结果导向，关注 AI 产品的真实可用性、准确性、稳定性和业务价值，而不仅是 Demo 效果。"
元宝- AI策略产品经理（图片理解方向）,AI、Agent,深圳,2026年06月25日,https://careers.tencent.com/jobdesc.html?postId=2021846191561666560&language=zh-cn,"1.端到端负责腾讯元宝VLM（图片理解）的链路设计和模型效果，从 0 到 1、从 1 到 N 推动核心能力落地；
2.参与定义元宝在VLM方向上的长期产品形态，从大量数据中抽象出用户需求，和在VLM场景下的亮点功能，推动VLM在用户生活中解决实际问题；
3.为用户体验与模型效果的最终结果负责，直接影响大规模用户的真实写作与工作效率，与算法、数据、评测团队深度协作，共同定义效果目标、评测体系与优化路径，形成可持续演进的产品闭环；
4.将大模型能力沉淀为长期可复用的产品能力，把Prompt、Workflow、Agent等能力转化为稳定、可扩展的产品机制，推动能力在多个VLM场景中持续复用和放大。
1.本科及以上学历，3 年及以上产品经理经验，有扎实的产品能力，渴望在 AI 时代做出代表作，有大语言模型、图片搜索、视觉理解或相关产品经验者优先；
2.对大模型有持续理解与快速转化能力，理解LLM和VLM的基本原理、能力边界及发展趋势，能将模型与工具的变化转化为清晰的产品判断；
3.具备良好的产品品位与体验判断能力，能够根据用户的判断模型输出在真实工作流中的能力与边界，结合体验目标及模型发展趋势，做出合理的产品取舍与优化决策；
4.具备 AI Native 的工作方式与产品思维，具备与AI一起进步的能力，熟练运用Prompt Engineering、Workflow、Agent等模型能力解决实际问题，熟练使用Claude Code等Vibe Coding工具改进个人与团队的工作效率者优先；
5.目标导向，能够在不确定中承担责任，有清晰的目标和结果意识，善于借助AI加速决策与交付，在不确定中推动结果落地，具备良好的沟通与跨团队协作能力，适应快速迭代的工作节奏。"
元宝- AI策略产品经理,AI、Agent,深圳,2026年06月25日,https://careers.tencent.com/jobdesc.html?postId=1925398818564710400&language=zh-cn,"1.优化Agent能力，通过包括不限于RAG、Tools、Memory等方式，不断提升用户体验；
2.了解行业最新动态，并总结产品创新路径，探索行业最佳实践；
3.抽象沉淀通用组建和能力，完善Agent平台能力，提升业务迭代效率。
1.本科及以上学历，1年以上C端产品经验，有创新用户体验或用户增长经验优先；
2.逻辑思维能力，沟通协作能力强，能跨团队高效协作，推动目标达成；
3.有Agent实操经验，或大模型创新产品经验优先。"
证券-AI产品经理-金融AI应用体验方向,AI、Agent,深圳,2026年06月24日,https://careers.tencent.com/jobdesc.html?postId=2052527703940313088&language=zh-cn,"1.AI原生体验规划与设计：负责规划并设计证券场景下AI原生功能，深入理解新股民与老股民的差异化需求，将复杂的市场信息、金融逻辑通过智能解读、对话式交互、个性化内容等方式，转化为直观、友好、可信赖的产品体验；
2.前沿技术应用与产品化：紧密跟踪AI领域（如Agent架构、RAG、SFT/RLHF等）发展趋势。评估新技术在提升信息获取、策略验证、决策辅助等环节的潜力，并主导其产品化路径设计，将技术语言转化为用户可感知的价值；
3.全流程产品闭环构建：主导AI产品从需求定义、方案设计、开发协同到上线运营的全过程；特别关注构建数据驱动的评估迭代与Ai评测体系，推动创新想法从技术验证到规模应用，对产品最终的体验价值与影响力负责；
4.复杂系统与体验设计：设计兼顾创新、用户体验、金融合规与风险控制的产品方案。包括但不限于：设计AI Agent的决策流、设定人机协同边界、规划工具调用与长短期记忆机制、确保结果的可解释性与可控性。
1.背景与经验：3年以上互联网产品经验，有Ai原生产品、Agent应用或复杂C端工具/内容产品的完整落地经验。具备从0到1主导项目并取得可验证成果的经历；对证券业务有深刻理解或极强的学习意愿；
2.核心能力：较好的用户思维与技术视野，具备优秀的产品判断力与用户共情能力，深入了解大模型、Agent、RAG等技术的原理、能力边界与应用场景，能前瞻性思考技术趋势与业务结合的创新点；能够系统性思考复杂问题，设计稳健、可扩展的产品方案与协同流程，并推动跨团队项目高效闭环；
3.系统思维与闭环管理：；
4.关键素质：有较好的数据驱动与科学评估能力，能设计并运用数据集/评测集等科学评估方法来衡量与推动Ai体验的效果，对AI技术与金融业务的结合充满好奇与热情，具备极强的自驱力、学习能力和结果导向。"
腾讯云-AI供应链产品经理,AI,深圳,2026年06月24日,https://careers.tencent.com/jobdesc.html?postId=2026121516504215552&language=zh-cn,"1.采购供应系统产品设计/架构师，负责服务器/数据中心品类整个采购供应流程系统设计、系统产品规划，结合AI技术优化采购供应链全链路，推动AI能力与采购供应系统深度融合；
2.具备强的全局拉通能力，应对复杂的供应链链路，拥有优秀的通用和局部架构设计能力；牵头联动业务、研发团队，完成AI功能的原型设计、需求拆解及落地迭代，保障AI功能与业务场景的适配性；
3.负责AI供应链相关功能的需求调研、用户反馈收集，结合业务数据迭代优化AI模型效果，提升采购供应链效率、降低运营成本；
4.推动AI技术在采购供应链场景的规模化应用，制定AI功能落地标准及验收指标，联动跨部门协同推进项目，确保AI产品功能按期交付并产生业务价值。
1.5年以上B端产品经验，有采购、供应链或ERP领域更好，有AI供应链、AI采购相关产品经验者、AI思维和实践能力优先；
2.有从0到1搭建或运营大型系统的实际经验，熟悉采购系统与AI能力的集成逻辑者优先；
3.具备系统架构设计能力，熟悉微服务、云原生、低代码平台等现代技术架构；了解AI基础技术，能清晰拆解AI相关产品需求、联动业务/研发团队推进落地者优先；
4.能结合AI技术提出流程优化方案，推动供应链数字化、智能化升级；
5.熟悉主流ERP与采购模块的集成逻辑，具备较强的数据敏感度，能利用SQL进行数据探查与指标定义，支撑AI模型优化及业务决策。"
混元AIGC模型产品经理（多模态方向）（北京/上海）,AI,深圳,2026年06月23日,https://careers.tencent.com/jobdesc.html?postId=1930452494366932992&language=zh-cn,"1.负责图像、视频、3D或音频等某一AIGC方向的产品规划与全生命周期管理；
2.深度洞察用户需求与技术趋势，定义具有竞争力的产品能力矩阵和发展路线图；
3.建立科学的模型评估与迭代机制，确保产品效果的持续领先；
4.协调内外部资源，推动产品从概念到上线、优化及商业化落地的全过程。
1.本科及以上学历，3年以上互联网或AI相关产品经验；
2.对AIGC领域有深刻理解和热情，具备出色的产品规划和分析能力；
3.结果导向，具备优秀的沟通协调能力和项目推动力；
4.有AI模型相关产品或大型内容平台、创作者工具产品经验者优先。"
腾讯游戏-产品经理（游戏发行AI方向）-新星引力计划,AI,深圳,2026年06月22日,https://careers.tencent.com/jobdesc.html?postId=1966332041217859584&language=zh-cn,"1.负责相关外部平台基于AI进行发行能力或内容生态能力建设；
2.充分调研 IEG内部各游戏对外合作诉求，包括营销，内容，运营，拉新、回流等方向，基于AI提供相应工具支持；
3.结合AI优化现有活动及发行工具的提效， 实现全链路自动化。
1.具备1年以上AI产品实践经验，2年以上游戏行业经验，有成功的AI项目落地优先；
2.深入理解人工智能技术，熟悉机器学习、大模型、AIGC等领域概念，具备良好的技术协作与沟通能力；
3.能够洞察行业趋势与用户需求，完成从需求分析、产品规划到落地及迭代优化的全流程工作；
4.熟练运用数据驱动方法，定义核心指标，通过A/B测试与数据分析驱动产品决策和持续优化；
5.熟悉常见的AI开发工具与平台（如LangChain、Coze、Dify等），具备一定的Prompt工程能力；
6.逻辑清晰，自驱力强，具备出色的跨团队协作能力，能适应快速变化的业务环境。"
腾讯云数据智能平台-资深产品经理-数据治理方向,AI、Agent,深圳,2026年06月22日,https://careers.tencent.com/jobdesc.html?postId=2047218784430882816&language=zh-cn,"1.负责企业级数据智能平台的数据治理核心模块（包括元数据管理、数据血缘追踪、数据标准制定、数据质量监控、数据资产目录构建、数据安全防护、指标治理等）的产品规划与设计工作，从需求调研、分析到最终上线交付，端到端推动全流程闭环管理；
2.深入对接业务部门、数据研发团队、风控合规团队，精准挖掘各方在数据治理过程中的痛点和需求，输出高质量的产品需求文档（PRD）、产品原型及详细业务流程方案，并全程推动需求落地实施与效果验收；
3.主导数据安全治理体系的建设工作，全面涵盖敏感数据的分级分类管理、数据脱敏策略制定、权限精细管控以及合规审计机制搭建，确保数据智能平台严格满足企业级安全与合规要求；
4.建立健全数据治理运营体系，精心设计数据健康度评分模型、考核机制以及问题闭环处理流程，对标海外先进标杆产品，推动数据治理从源头抓起并实现常态化、可持续运营；
5.紧跟技术发展趋势，结合大模型与AI Agent的先进能力，系统规划AI+数据治理的产品发展路线，着力提升数据治理工作的自动化水平和智能化程度。
1.本科及以上学历，计算机科学与技术、软件工程、数据科学等相关专业优先，拥有5年及以上数据治理相关产品的实际工作经验；
2.对数据治理的全流程有深入且透彻的理解，熟练掌握元数据管理、数据质量管控、数据标准制定、数据安全防护、数据资产梳理等核心模块的设计方法，能够独立承担产品设计方案的制定，并有效协调跨部门资源推进项目实施；
3.熟悉大数据相关的技术栈，包括但不限于Hive、Spark、Hadoop等大数据处理框架，以及数据仓库、湖仓一体等架构模式，同时对大模型与Agent的应用场景有一定的了解和认知；
4.了解国内外数据合规相关的法律法规，如《数据安全法》《个人信息保护法》、GDPR等，有数据安全治理产品实际设计或运营经验者优先考虑；
5.具备优秀的跨团队沟通与协作能力，能够在复杂的多方协作环境中高效推进工作，同时拥有企业级数据治理项目规模化落地的成功经验。"
腾讯云数据智能平台-资深产品经理-出海方向,AI、Agent,深圳,2026年06月22日,https://careers.tencent.com/jobdesc.html?postId=2047219127009050624&language=zh-cn,"1.负责大数据与AI一体化平台的核心产品能力规划及规模化落地，通过技术创新和架构优化，构建一体化、更易用、高性价比的数据智能平台；
2.端到端主导产品全生命周期管理，包括需求分析、方案设计、研发协同、上线交付及商业化推广，持续提升产品体验和商业价值；
3.与海外标杆客户建立深度合作关系，通过客户访谈、POC验证和用户研究，挖掘DataOps、MLOps及Data+AI融合场景的创新机会，精准定义核心功能需求；
4.深度理解海外市场的数据合规要求（如GDPR等）、技术生态和客户需求，主导产品的国际化设计、主流数据生态集成及合规功能落地；
5.支持产品运营推广活动，参与行业峰会、技术社区运营及产品内容输出，提升公司和产品在大数据与AI领域的品牌影响力。
1.研究生及以上学历，计算机、人工智能、数据科学、软件工程等相关专业背景；
2.拥有5年以上企业级B端产品经验，其中3年以上大数据/云计算/AI平台类产品经验，至少2年独立负责核心产品模块或产品线的成功经验；
3.具备扎实的技术功底，熟悉大数据技术栈（如Hadoop/Spark/Flink）、数据湖/湖仓一体架构及机器学习平台技术原理，了解大模型和Agent应用场景；
4.拥有敏锐的商业洞察力和客户需求挖掘能力，能基于技术趋势和行业痛点识别高价值产品机会；
5.具备优秀的跨团队协作能力，能在复杂项目中平衡多方利益并推动高效执行；
6.英语流利（可作为工作语言），能独立完成海外客户沟通、产品方案设计和技术文档撰写。"
腾讯游戏-高级产品经理-游戏AIGC工具产品,AI,深圳,2026年06月18日,https://careers.tencent.com/jobdesc.html?postId=2035002397717331968&language=zh-cn,"1.负责游戏AIGC游戏美术资产全生命周期管理平台，包括产品规划、需求分析、功能设计与落地迭代；
2.负责游戏AIGC工具产品的运营与客户服务，对接游戏项目、美术团队，深入理解资产生产管线，持续优化产品效果；
3.负责游戏AIGC工具产品的商业化营销策略制定和落地，业务中长期发展规划和实施；
4.与算法、工程团队紧密协作，推动AI应用与业务场景结合，优化算法效果及用户体验；
5.协调设计、开发、测试等内外部资源，确保产品高效迭代与交付。
1.本科及以上学历，计算机科学等相关专业优先；
2.3年以上互联网产品经验，熟悉AI技术和产品，有AI相关产品经验优先；
3.具备产品全生命周期管理经验，能够独立完成从需求分析到产品上线的全过程；
4.熟悉游戏开发或者美术资产生产管线，了解AI在资产管线中落地过程者优先；
5.优秀的项目管理能力和团队合作精神；
6.优秀的用户沟通能力，能够敏锐把握市场动态和用户需求。"
腾讯云- MaaS高级产品经理,AI,深圳,2026年06月18日,https://careers.tencent.com/jobdesc.html?postId=2034975730101809152&language=zh-cn,"1.参与腾讯云MaaS产品的战略规划与roadmap制定，结合行业趋势、客户需求及集团技术优势，明确产品核心定位与差异化竞争力，对齐业务增长目标；
2.负责MaaS全链路产品能力搭建，围绕模型精选、数据标注、微调训练、推理优化、安全合规等核心环节，设计标准化产品方案与工具链，降低企业AI应用门槛，加速大模型在金融、文旅、政务等行业的落地适配；
3.联动内部算法、工程、算力团队，推动产品功能落地与迭代优化，解决模型适配、异构算力纳管、动态扩缩容等核心产品问题，保障产品性能与用户体验；
4.挖掘企业客户核心需求，沉淀行业解决方案，推动MaaS产品与腾讯云TI平台、向量数据库等产品的协同，构建开放的MaaS生态，对接第三方模型与合作伙伴，提升产品市场竞争力；
5.跟踪行业动态与竞品趋势，输出产品优化建议，推动技术创新与产品形态升级，助力腾讯云MaaS巩固行业领先地位。
1.本科及以上学历，计算机、人工智能、软件工程、数据科学等相关专业，3年及以上相关工作经验；
2.3年以上AI产品、MaaS或云计算产品相关从业经验优先，有企业级AI产品商业化落地经验、大模型全流程工程化项目经验者优先；
3.熟悉互联网产品工作流程及方法，具备完整的产品全生命周期管理经验，有成熟的产品方法论，能独立完成需求分析、产品设计与落地推广；
4.热爱AGI与MaaS领域，深入理解大模型训练、微调、推理的核心流程，熟悉主流大模型及MaaS产品形态，了解企业AI应用的核心痛点；
5.具备良好的沟通协调能力与跨团队推动能力，能高效联动算法、工程、销售等团队，推动产品落地与业务达成，有较强的执行力与问题解决能力；
6.熟悉云计算，了解AI Infra、异构算力纳管、向量数据库等相关技术者优先；
7.有AI安全合规、企业级产品生态建设经验，或熟悉金融、政务等行业AI应用场景者优先；
8.具备敏锐的行业洞察力与创新意识，能快速捕捉行业机会，推动产品迭代升级。"
腾讯会议-产品经理-AI策略方向,AI、Agent,深圳,2026年06月15日,https://careers.tencent.com/jobdesc.html?postId=1942177600126451712&language=zh-cn,"1.负责腾讯会议AI Agent能力的建设，支持会议AI场景，提升用户体验；
2.结合AI技术的发展趋势，探索AI技术在会议场景下的创新应用并提出可落地的产品方案；
3.基于目标和场景定义评估标准，协同评测团队分析效果并推动解决问题，提升效果。
1.本科及以上学历，2年以上互联网产品经验，对AI有浓厚兴趣，了解常见AI 产品应用，有AI产品或平台经验优先；
2.熟悉大模型基本原理，能够准确把握用户需求，独立完成方案设计与跟进；
3.善于系统化思考，对行业有深入的洞察、清晰的业务逻辑和产品判断；
4.在同等条件下，通过腾讯云认证或取得同等资格认证的候选人，我们会优先考虑。"
AI产品经理-AI生成游戏,AI,深圳,2026年06月15日,https://careers.tencent.com/jobdesc.html?postId=2011285787706019840&language=zh-cn,"1.制定AI生成游戏产品的整体战略规划和发展路线图，明确产品定位、目标用户和核心价值；
2.基于市场趋势和用户需求，持续优化产品方向，推动AI生成游戏技术的创新应用；
3.设计完整的用户旅程地图，覆盖从需求输入、策划案生成、参数配置到游戏构建的全流程体验；
4.主导LLM对话交互设计，定义AI助手的角色、对话流程和话术规范，确保用户能够自然、高效地表达游戏创意；
5.与AI工程师协作，设计LLM的系统提示词（System Prompt），定义AI的理解能力边界和输出规范；
6.编写需求澄清问题库和对话示例集（Few-shot Examples），提升LLM对游戏需求的理解准确率；
7.建立LLM能力评估体系，通过测试案例持续优化AI理解和生成质量。
1.本科及以上学历，计算机科学、人工智能、游戏设计或相关专业优先；
2.3年以上游戏产品或AI产品经理工作经验，有完整产品从0到1的经历；
3.了解大语言模型（LLM）的基本原理和应用场景，有AI产品设计经验者优先；
4.熟悉人机交互设计原理，能够设计自然、高效的对话式交互流程和可视化配置界面；
5.具备数据分析能力，能够通过数据指标评估产品表现，并基于数据洞察推动产品优化。"
游戏AI-高级产品经理,AI,深圳,2026年06月12日,https://careers.tencent.com/jobdesc.html?postId=1897945233740599296&language=zh-cn,"1.负责探索AI技术在游戏中的应用，包括但不限于以AI为核心的玩法设计、拟人AI、AI测试等；
2.熟悉游戏研发流程与管线，根据项目需求推动AI能力产品化，用标准化的AI工具提升游戏体验或研发效率；
3.深入了解AIGC相关技术与业界进展，了解AI的能力边界并建设合理的评估标准体系。
1.本科及以上学历，具有丰富的游戏项目经验，热爱各类游戏，对市面上主流游戏类型都有了解，并有自己的分析、理解；
2.了解AI相关技术的能力边界与迭代流程，有过熟练使用游戏引擎或编辑器产品进行AI制作等相关经验者优先；
3.有创新思维与学习能力，并能基于数据指导工作，与技术团队一起推动方案落地；
4.有游戏或AI的战略规划、投行咨询等相关经验者优先。"
智能体-商业化产品经理-CodeBuddy/WorkBuddy,AI、Agent,深圳,2026年06月10日,https://careers.tencent.com/jobdesc.html?postId=2059816924258414592&language=zh-cn,"1.负责CodeBuddy/WorkBuddy等AI智能体商业化产品设计，主导计费规则、交易链路、支付等大交易类产品的完整落地流程；
2.深入理解AI大模型海内外产品的商业化策略，结合市场动态制定差异化产品方案；
3.针对智能体行业落地场景，通过用户路径分析优化订阅权益体系、用户分层模型及付费功能体验；
4.设计并迭代转化漏斗关键节点，提升付费转化率与用户LTV；
5.协同研发、运营、数据团队推动商业化方案落地，通过AB测试验证效果并持续优化；
6.构建高可用、可扩展的商业化产品架构，建立数据监控体系驱动产品迭代。
1.本科及以上学历，3年以上SaaS/会员/AI大模型领域商业化产品经验，有完整产品从0到1落地案例；
2.熟悉大模型技术边界与应用场景，保持对Agent、代码生成等垂直领域的持续研究；
3.具备强逻辑思维与系统设计能力，能抽象复杂业务场景为可执行的产品方案；
4.数据分析的洞察力强，通过数据洞察驱动决策；
5.优秀的跨团队沟通能力，能协调多方资源达成目标。"
腾讯云音视频产品经理（海外增长策略）,AI,深圳,2026年06月09日,https://careers.tencent.com/jobdesc.html?postId=2061700924304437248&language=zh-cn,"1.承接腾讯云实时互动 PaaS 与 CDN 产品海外增长目标，覆盖站点流量、付费用户增长与创新产品 GTM，构建""看到 → 兴趣 → 商机 → 成交""完整闭环；
2.持续研究海外先进流量策略与工具，包括 SEO、GEO、AI Search、SEM、Paid Social、内容营销、开发者社区、联盟与 KOL 等，判断机会、制定策略并联动内容、投放、产品、研发推动落地，输出可量化业务结果；
3.参与海外产品 GTM 规划与落地，理解 PLG 与 SLG 漏斗差异，针对海外开发者与中小企业决策链路，设计跨模型的商机转化路径与漏斗优化方案；
4.搭建可跨产品复用的增长平台能力与 AI 工作流，沉淀 SEO/GEO 内容生产、多平台分发等工具链，让高频增长动作具备规模化复用能力。
1.2-3 年工作经验，本科及以上学历，不限专业；英文可作为日常工作语言（书面沟通与会议）；
2.在海外 ToB / SaaS / 开发者产品/AI产品公司担任过 Growth相关岗位，熟悉 SEO/GEO/AI Search、SEM、Paid Social、内容与开发者社区、联盟与 KOL 等海外主流获客渠道的打法与边界，有 0 到 1 或 1 到 10 的独立操盘案例，可量化 UV、Sign-up、MQL、付费转化等成果；
3.参与过海外产品 GTM 规划与落地，熟悉""产品定位 → 渠道选择 → 内容生产 → 数据迭代""完整 Loop，能独立搭建季度/年度流量增长策略而非仅做执行，能跨团队协同推动落地，具备清晰的数据思维，会用数据定义问题、拆解漏斗、验证假设。"
QQ-Agent产品经理,AI、Agent,深圳,2026年06月08日,https://careers.tencent.com/jobdesc.html?postId=2029837577405759488&language=zh-cn,"1.负责QQ Agent产品规划与迭代，构建以用户需求为中心的智能交互体验；
2.深入理解用户场景，推动产品在消息提醒、好友状态感知、社交关系拓展等场景应用落地；
3.结合用户行为与反馈，持续优化RAG、Tools、Memory等能力，提升Agent的精准性与个性化水平；
4.协同算法、工程、设计等团队，高效推进产品方案从设计到上线的全过程。
1.本科及以上学历，3年以上产品经理工作经验，有AI Agent、大模型应用或智能助手类产品经验者优先；
2.熟悉自然语言处理、意图理解、Agent架构等技术原理，有一定的技术理解能力；
3.具备较强的逻辑思维与系统设计能力，能够将复杂场景转化为清晰的产品路径；
4.有社交类产品或Agent相关项目从0到1落地经验优先。"
智能体-商业化产品经理-CodeBuddy/WorkBuddy,AI、Agent,上海,2026年06月04日,https://careers.tencent.com/jobdesc.html?postId=2059816926359764992&language=zh-cn,"1.负责CodeBuddy/WorkBuddy等AI智能体商业化产品设计，主导计费规则、交易链路、支付等大交易类产品的完整落地流程；
2.深入理解AI大模型海内外产品的商业化策略，结合市场动态制定差异化产品方案；
3.针对智能体行业落地场景，通过用户路径分析优化订阅权益体系、用户分层模型及付费功能体验；
4.设计并迭代转化漏斗关键节点，提升付费转化率与用户LTV；
5.协同研发、运营、数据团队推动商业化方案落地，通过AB测试验证效果并持续优化；
6.构建高可用、可扩展的商业化产品架构，建立数据监控体系驱动产品迭代。
1.本科及以上学历，3年以上SaaS/会员/AI大模型领域商业化产品经验，有完整产品从0到1落地案例；
2.熟悉大模型技术边界与应用场景，保持对Agent、代码生成等垂直领域的持续研究；
3.具备强逻辑思维与系统设计能力，能抽象复杂业务场景为可执行的产品方案；
4.数据分析的洞察力强，通过数据洞察驱动决策；
5.优秀的跨团队沟通能力，能协调多方资源达成目标。"
微信基础-大模型评测产品经理,AI、Agent,广州,2026年06月04日,https://careers.tencent.com/jobdesc.html?postId=2059948192291799040&language=zh-cn,"1.评测体系设计：主导 AI 产品的评测体系搭建，定义评测维度、指标、标准和流程，确保评测的科学性和全面性；
2.评测方法论制定：设计适配不同场景（对话、工具调用、多轮交互、创意生成等）的评测方案，包括自动评测、人工评测、众包评测、竞品对比等；
3.评测平台产品设计：规划评测平台的产品架构和功能模块，输出 PRD，驱动研发团队落地；
4.评测洞察与决策支持：深度分析评测数据，发现产品体验问题和模型能力短板，输出有洞察力的评测报告，推动产品和算法团队优化；
5.竞品评测与行业跟踪：持续跟踪业界竞品的能力变化，建立常态化竞品评测机制；
6.标注体系管理：设计标注规范和质量控制流程，确保评测数据质量。
1.本科及以上学历，计算机、统计学、心理学、语言学或相关专业优先，3 年以上产品经理经验；
2.具备 AI/NLP/对话系统相关评测工作经验，有评测体系从 0 到 1 搭建经验者优先；
3.熟悉 AI 产品评测的科学方法，包括评测指标设计、统计显著性检验、评分者一致性（Kappa/ICC）、A/B 实验设计等；
4.具备评测平台或数据平台的产品设计经验，能独立输出完整的产品方案；
5.对 LLM / AI Agent 产品有深刻理解，熟悉主流 AI 产品的能力边界和用户场景，具备一定技术背景者优先；
6.优秀的数据分析能力，能从海量评测数据中提炼关键洞察；
7.熟悉多模态（图像、视频、语音）评测方法和指标体系者优先；
8.有标注团队管理或众包平台运营经验者优先；
9.出色的文档撰写和跨团队沟通能力，能有效推动多方协作。"
产品经理 — WorkBuddy（ Agent对话/知识空间方向）,AI、Agent,深圳,2026年06月02日,https://careers.tencent.com/jobdesc.html?postId=2061646303464697856&language=zh-cn,"1.负责 WorkBuddy 会话的渲染模块，提升对话的可读性、可互动性；
2.设计 WorkBuddy 会话中的组件能力，提升 agent 的表达力上限；
3.基于会话组件，建设完善生态。
1.五年以上互联网产品经验；
2.具备成熟IM、邮件产品的设计经验（飞书等）；
3.有 AI / Agent 产品规划与落地经验，熟悉 RAG、Function Call、多轮交互、多 Agent 编排与大模型评测方法论，能独立设计 Agent 能力边界并主导效果调优；
4.对编辑器技术有体系化理解：富文本模型、CRDT/OT 协同算法、渲染管线、插件与扩展架构；不要求亲自编码，但能以工程视角与研发同学对齐方案；
5.对产品体验有近乎苛刻的追求，具备优秀的交互判断力与设计品味，能在复杂场景下做出清晰的体验取舍；
6.自驱力强、学习能力突出，具备跨团队协作与向上沟通能力，对 AI 与未来工作方式有独立思考与前瞻洞察；
7.可 base 深圳。"
投放策略产品经理,AI,深圳,2026年06月01日,https://careers.tencent.com/jobdesc.html?postId=2060180630217605120&language=zh-cn,"1.有成熟投放/策略产品经验：熟悉广告投放和用户增长策略，能从用户，价格等多维度拆解优化投放效果，并能根据不同的大模型AI落地使用场景（比如搜索、推荐、AI聊天BOT等场景），提出策略并不断改进，持续提升获客效果；
2.了解&深入接触用户：通过和用户交流、分析数据来发现用户需要什么，然后根据用户的反馈和数据来评估产品的效果，不断改进产品；
3.团队协作：熟悉推荐算法的工作机制，并能成熟对接算法，工程，运营等不同团队，善于协调不同资源来推进需求进展；
4.持续学习： 了解公司内外的需求，观察竞争对手在做什么，找到可以改进的地方，提出新的产品方案，通过研究用户、竞争对手和数据分析，了解行业的最新趋势，找到产品可以改进的机会。
1.学历+工作背景：本科及以上，工作5年及以上；
2.逻辑思维： 需要有清晰的思考方式，对业务和数据都很敏感，对短视频行业有热情，并且理解深入；
3.需求和项目管理：需要能够管理需求，推进项目，和团队合作，能够独立完成调研和数据分析；
4.数据分析：需要对数据很敏感，擅长使用各种工具来分析数据，并且对数据的准确性保持严格的态度；
5.行业知识： 如果你对AI行业的最新玩法、热门产品有所了解，那会是一个很大的优势。"
金融科技-AI数据产品经理-数据开发方向,AI、Agent,深圳,2026年05月29日,https://careers.tencent.com/jobdesc.html?postId=2047239002926510080&language=zh-cn,"1.：面向金融风控和合规履职，深入理解业务场景，提炼数据逻辑和口径，与相关方配合完成数据项目交付，同时探索利用大模型和AI技术提升数据交付效率（如智能需求解读、代码生成辅助、自动化报表生成等）；
2.：参与部门大数据体系设计，包括数据标准与规范制定、数据资产管理、开发运营工具建设、数据治理推进等，推动AI能力与数据平台的深度融合，提升数据开发效率和交付质量；
3.：规划和落地AI驱动的数据产品/工具，如智能风控数据洞察、合规知识问答、异常交易模式识别辅助等，与业务、策略模型、合规、研发等多个团队合作将大模型能力转化为业务可用的产品功能。
1.：了解数仓架构，熟悉数据开发和治理流程，熟练应用SQL语言；
2.：有数据产品策划运营经验，具备良好的逻辑思维和数据分析能力、优秀的沟通与项目管理能力，心态平稳、乐观积极、责任心强；
3.：熟悉大模型（LLM）和AI应用，具备Prompt工程、RAG、Agent等实践经验，能结合业务场景评估AI方案的价值和可行性；
4.：有金融行业相关从业经验加分，如反洗钱、支付、风控、金融合规等；
5.：岗位需具备一定技术背景，欢迎目前是开发但有志于转产品发展的同学投递。"
腾讯营销-数据Agent产品经理(深圳/上海),AI、Agent,深圳,2026年05月21日,https://careers.tencent.com/jobdesc.html?postId=2052676740161122304&language=zh-cn,"1.负责营销业务数据智能体产品的规划和落地。围绕营销数据资产管理和应用全链路建设智能体产品；
2.构建智能体产品评测和迭代的闭环体系，与工程和算法团队协作，持续推动智能体产品质量持续提升；
3.封装和优化面向 Agent 的各类基础数据工具，总结沉淀各类业务知识、分析诊断 SKILLS；
4.结合AI和 Agent 技术的发展趋势，探索 AI 在数据赋能和工作提效中的新应用，扩展产品形态和能力边界。
1.计算机、统计学、数学等相关专业优先；
2.有数据平台产品经验，具备扎实的数据分析能力。对数仓开发、数据挖掘、机器学习有一定了解的加分；
3.有 AI 应用产品经验。熟悉 LLM、Agent、RAG、PE 原理和实践，有实际智能体产品搭建经验。有 BI+AI 经验、熟练使用 openclaw、claude code、codex等产品的加分；
4.工作主动积极、勤奋踏实，强烈的进取心和主人翁意识；有良好的沟通协作能力。"
智能审核平台产品经理,AI、Agent,北京,2026年05月15日,https://careers.tencent.com/jobdesc.html?postId=2052322555175550976&language=zh-cn,"1.负责智能审核平台产品体系建设，参与机审、人审、管理一个或多个方向的产品规划与落地，推动内容审核从向AI 驱动型演进；
2.深入理解审核全链路（事前机审拦截→事中人审研判→事后质检培训），完成需求分析、产品设计及项目推进；
3.探索大模型、多模态模型及 Agent 技术在审核场景的落地应用，包括智能策略编排、辅助审核决策、自动化质检等；
4.建立数据驱动的迭代机制，定义核心指标体系（准确率、召回率、人效比、降量率等），通过数据归因持续优化效果；
5.与算法、工程、运营协同，推动跨 BG 的平台化能力输出与复用。
1.计算机相关专业，3 年以上互联网产品经验，有内容安全/审核、风控、平台型工具产品经验者优先；
2.出色的系统设计能力，能独立完成复杂业务建模，善于将模糊需求转化为清晰产品架构；
3.对大模型技术有浓厚兴趣，了解 LLM、Prompt Engineering、RAG、Agent 等概念，能与算法团队有效协作；
4.优秀的数据敏感度，熟练 SQL 与数据归因分析，能从数据中发现瓶颈并推动解决；
5.优秀的跨部门沟通与项目管理能力，适应多 BG 协作环境。"
光子艺术部-高级产品经理-(AIGC工具与功能设计方向),AI,深圳,2026年05月13日,https://careers.tencent.com/jobdesc.html?postId=2044685787236302848&language=zh-cn,"1.AI工具产品化设计：主导AIGC工具的核心功能规划与设计，将底层大模型能力封装为“开箱即用”的原子功能或工作流模板，输出高保真PRD与Figma原型；
2.美术管线深度整合：拆解2D/3D美术工作流，设计基于MCP等协议的插件，实现AI工具与DCC软件（Maya/Blender/PS）的无缝衔接，不打断美术人员既有工作流；
3.敏捷交付闭环：协同算法、前后端、测试等内外部团队，制定迭代节奏与质量门禁，确保核心功能高品质交付；
4.用户体验与数据驱动：搭建用户反馈漏斗与核心功能埋点体系；通过定量数据（渗透率、留存、操作效率等）与定性用户调研，持续打磨产品细节，提升工具满意度与使用深度。
1.经验与技能：3-5年B端工具/SaaS/中台产品经验，具备极强的同理心与交互设计能力，精通Figma/Axure等工具；
2.AI与业务认知：熟悉Stable Diffusion、Midjourney、ComfyUI等主流AIGC工具的使用与调优逻辑；了解游戏美术管线及DCC软件底层逻辑；
3.软素质：优秀的沟通共情能力，具备与美术、TA、策划等角色“同频对话”的能力，能精准抽象一线痛点并转化为产品方案。"
腾讯游戏品质管理部-AI测试平台产品负责人-高级技术产品经理,AI、Agent,深圳,2026年05月09日,https://careers.tencent.com/jobdesc.html?postId=2049714089445470208&language=zh-cn,"1.平台产品与架构设计：负责AI测试平台整体产品规划与路线设计（Platform + Agent）；定义平台能力结构（测试流程、Agent体系、数据体系）；推动从工具化向平台化、从自动化向智能化演进；
2.AI/Agent产品设计：设计测试Agent能力体系（用例生成、执行、分析、决策）；定义AI在测试流程中的角色（辅助 / 主导 / 自动闭环）；推动AI能力在真实业务场景中的落地与优化；
3.跨团队协同与落地：协同技术团队（LLM/平台/工具链）推动能力实现；协同业务团队（游戏项目组）推动场景落地；建立标准化接入与规模化复制机制；
4.数据与质量体系建设：建立AI测试效果评估体系（覆盖率、缺陷质量、ROI等）；推动数据闭环（数据采集 → 模型优化 → 效果提升）；定义质量指标体系与平台化沉淀机制；
5.产品运营与生态建设：推动平台在多项目、多工作室的推广与应用；建立最佳实践与案例沉淀；持续优化产品体验与业务价值。
1.5年以上工作经验，本科及以上学历，计算机、软件工程、信息系统等相关专业优先，对具备优秀AI产品经验或平台产品经验者，学历及年限可适当放宽；
2.平台型产品经验：有复杂平台产品经验（研发平台 / 测试平台 / AI平台 / 中台）；有0→1或从1→规模化经验；
3.技术理解能力：理解软件研发流程（DevOps / 测试流程）；对AI/LLM/Agent有基本的应用理解；
4.强推动能力：能推动跨团队合作（技术 / 业务 / 平台）；能在不确定性中推进项目。"
腾讯会议-AI产品经理-AI应用体验方向,AI,深圳,2026年05月07日,https://careers.tencent.com/jobdesc.html?postId=2046083747635425280&language=zh-cn,"1.负责AI技术在腾讯会议各场景的框架规划与功能落地，挖掘用户对AI的真实诉求，优化用户体验；
2.结合AI技术的发展趋势和能力，深入探索AI技术在会议场景下的创新应用，提升产品竞争力；
3.协同算法、研发、运营和设计等多团队，确保产品规划的落地实施与持续优化。
1.本科及以上学历，2年以上互联网产品经验，对AI行业趋势和大模型技术与应用边界有深刻的理解，对AI产品有热情；
2.具备较强的用户思维、产品体验敏感度和出色的团队协作与沟通能力；
3.善于系统化思考，对行业有深入的洞察、清晰的业务逻辑和产品判断；
4.在同等条件下，通过腾讯云认证或取得同等资格认证的候选人，我们会优先考虑。"
​​腾讯云AI语音产品经理​​,AI,深圳,2026年04月29日,https://careers.tencent.com/jobdesc.html?postId=2046718048437694464&language=zh-cn,"1.负责腾讯云语音产品（大模型ASR）产品的全生命周期管理，推动技术商业化落地，打造行业领先的语音AI解决方案​​；
2.​​洞察行业趋势及客户需求，制定腾讯云AI语音产品的产品规划，明确技术迭代与商业化路径；
3.设计语音差异化功能与场景化解决方案，输出PRD并协调技术团队落地；
4.​​推动语音能力在泛互、教育、消费电子等行业的规模化应用，形成标杆案例进行复制，设计产品商业化定价模型；
5.​​深度分析竞品动态，制定性能优化、成本控制及体验提升策略。不断提升语音的关键技术指标，协同算法团队攻克行业难点。
1.具备3年以上AI/云计算产品经验，有语音产品成功案例者优先；
2.熟悉语音技术原理（如端到端建模、声学模型）、主流框架及行业应用场景；
3.有较强的沟通能力和抗压能力，能高效协同前后端团队，评估技术方案与落地成本。"
AI 原生产品经理-游戏方向,AI,深圳,2026年04月28日,https://careers.tencent.com/jobdesc.html?postId=2049014853242355712&language=zh-cn,"1.结合前沿技术发展趋势，定义AI 在游戏研发与 UGC 场景的创新实现路径；
2.深度理解项目研发团队和 UGC 开发者的真实需求，设计AI产品方案，对产品体验与落地效果负责；
3.与技术团队紧密协作，在技术可能性与用户需求之间做出决策，将AI技术能力封装为开发者/创作者可用的工具与产品。
1.3年以上产品设计经验，优秀的产品思维和落地能力，有AI Native产品的深度使用或设计经验者优先；
2.了解游戏研发基本流程，有游戏行业经验者优先；
3.拥有快速学习与内化能力，能持续追踪 AI 领域前沿进展并形成个人深刻理解与判断；
4.强烈的好奇心、探索欲，超强的动手能力；
5.应聘请附个人作品。"
